code,dividend,count,record_months,fetched_date
1301,160.0,1,3,2026-07-07
1332,32.0,2,3;9,2026-07-07
1333,45.0,2,3;9,2026-07-07
1375,20.0,2,3;9,2026-07-07
1376,38.0,2,5;11,2026-07-07
1377,75.0,2,5;11,2026-07-07
1379,62.0,2,3;9,2026-07-07
1380,10.0,1,3,2026-07-07
1381,112.5,1,6,2026-07-07
1382,50.0,1,6,2026-07-07
1383,10.0,1,10,2026-07-07
1384,80.0,1,3,2026-07-07
138A,48.0,1,11,2026-07-07
1401,13.0,1,5,2026-07-07
1407,70.0,2,2;8,2026-07-07
1414,182.0,2,6;12,2026-07-07
1417,95.0,2,3;9,2026-07-07
1418,30.0,2,2;8,2026-07-07
1419,196.0,1,5,2026-07-07
141A,16.0,1,6,2026-07-07
1420,25.0,1,3,2026-07-07
1429,35.0,1,12,2026-07-07
1430,44.0,1,5,2026-07-07
1431,6.4,2,6;12,2026-07-07
1433,40.0,2,1;7,2026-07-07
1434,48.0,1,8,2026-07-07
1435,2.0,2,6;12,2026-07-07
1436,6.0,1,4,2026-07-07
1438,40.0,2,3;9,2026-07-07
1443,1.1,1,3,2026-07-07
1446,10.0,1,9,2026-07-07
1447,4.8,1,3,2026-07-07
1450,55.0,1,3,2026-07-07
146A,94.0,1,12,2026-07-07
1491,34.0,1,3,2026-07-07
1514,15.0,1,3,2026-07-07
1515,62.0,2,3;9,2026-07-07
1518,74.0,2,3;9,2026-07-07
153A,5.5,1,12,2026-07-07
156A,26.1,1,8,2026-07-07
157A,10.0,1,6,2026-07-07
1605,108.0,2,6;12,2026-07-07
160A,80.0,1,3,2026-07-07
1662,45.0,2,3;9,2026-07-07
1663,60.0,2,6;12,2026-07-07
166A,40.0,2,3;9,2026-07-07
167A,140.0,2,3;9,2026-07-07
168A,20.0,1,1,2026-07-07
1716,40.0,1,6,2026-07-07
1717,44.0,1,3,2026-07-07
1718,300.0,2,6;12,2026-07-07
1719,84.0,2,3;9,2026-07-07
1720,43.0,2,3;9,2026-07-07
1721,135.0,2,3;9,2026-07-07
1723,56.0,2,3;9,2026-07-07
1724,30.0,2,6;12,2026-07-07
1736,98.0,2,3;9,2026-07-07
173A,45.0,1,3,2026-07-07
1758,65.0,1,1,2026-07-07
1762,144.0,2,3;9,2026-07-07
1764,117.0,1,6,2026-07-07
1766,400.0,1,4,2026-07-07
1768,50.0,1,3,2026-07-07
1770,68.0,2,3;9,2026-07-07
177A,10.0,1,3,2026-07-07
1780,36.0,2,3;9,2026-07-07
1786,14.5,2,3;9,2026-07-07
1787,260.0,1,3,2026-07-07
1788,70.0,1,6,2026-07-07
1793,74.0,1,3,2026-07-07
1795,110.0,1,9,2026-07-07
1798,38.0,1,3,2026-07-07
1799,160.0,1,3,2026-07-07
1801,380.0,2,3;9,2026-07-07
1802,94.0,2,3;9,2026-07-07
1803,77.0,2,3;9,2026-07-07
1807,80.0,2,3;9,2026-07-07
1808,100.0,2,3;9,2026-07-07
1810,70.0,2,3;9,2026-07-07
1811,110.0,1,3,2026-07-07
1812,146.0,2,3;9,2026-07-07
1813,115.0,2,3;9,2026-07-07
1814,186.0,2,3;9,2026-07-07
1815,223.0,1,3,2026-07-07
1820,250.0,2,3;9,2026-07-07
1822,38.0,1,3,2026-07-07
1826,60.0,1,3,2026-07-07
1827,25.0,1,3,2026-07-07
1828,100.0,1,3,2026-07-07
1833,300.0,2,3;9,2026-07-07
1835,152.0,2,3;9,2026-07-07
1840,10.0,1,10,2026-07-07
1844,11.5,1,7,2026-07-07
1847,125.0,2,3;9,2026-07-07
1848,25.0,1,3,2026-07-07
1850,8.0,1,3,2026-07-07
1852,45.0,2,3;9,2026-07-07
1853,14.0,1,3,2026-07-07
1860,60.0,2,3;9,2026-07-07
1861,50.0,2,3;9,2026-07-07
1866,30.0,1,3,2026-07-07
1867,110.0,1,3,2026-07-07
1870,100.0,2,3;9,2026-07-07
1871,101.0,2,3;9,2026-07-07
1873,12.0,2,4;10,2026-07-07
1878,163.0,2,3;9,2026-07-07
1879,77.0,2,3;9,2026-07-07
1882,90.0,2,3;9,2026-07-07
1885,77.0,2,3;9,2026-07-07
1887,22.0,2,5;11,2026-07-07
1888,145.0,1,3,2026-07-07
1893,52.0,2,3;9,2026-07-07
1897,50.0,1,12,2026-07-07
1898,75.0,2,3;9,2026-07-07
1899,260.0,1,12,2026-07-07
189A,20.0,1,5,2026-07-07
1904,198.0,2,3;9,2026-07-07
1905,62.0,2,3;9,2026-07-07
1909,90.0,2,3;9,2026-07-07
1911,50.0,2,6;12,2026-07-07
1914,30.0,1,3,2026-07-07
1921,24.0,1,3,2026-07-07
1925,131.0,2,3;9,2026-07-07
1926,146.0,2,3;9,2026-07-07
1928,145.0,2,1;7,2026-07-07
1929,50.0,2,3;9,2026-07-07
192A,50.0,1,5,2026-07-07
1930,48.0,2,3;9,2026-07-07
1934,78.0,2,3;9,2026-07-07
1938,97.0,2,3;9,2026-07-07
1939,84.0,2,3;9,2026-07-07
1941,140.0,2,3;9,2026-07-07
1942,130.0,2,3;9,2026-07-07
1944,240.0,2,3;9,2026-07-07
1945,77.0,2,3;9,2026-07-07
1946,76.0,2,3;9,2026-07-07
1948,100.0,2,3;9,2026-07-07
1950,127.0,1,3,2026-07-07
1951,80.0,2,3;9,2026-07-07
1952,120.0,2,3;9,2026-07-07
1959,220.0,2,3;9,2026-07-06
1960,55.0,1,3,2026-07-06
1961,65.0,2,3;9,2026-07-06
1963,52.0,1,3,2026-07-06
1964,180.0,1,3,2026-07-06
1965,176.0,2,3;9,2026-07-06
1966,70.0,1,3,2026-07-06
1967,77.0,1,3,2026-07-06
1968,75.0,1,3,2026-07-06
1969,123.0,2,3;9,2026-07-06
1972,64.0,2,3;9,2026-07-06
1975,144.0,2,3;9,2026-07-06
1976,65.0,2,3;9,2026-07-06
1979,119.0,2,3;9,2026-07-06
197A,28.0,2,6;12,2026-07-06
1980,85.0,2,3;9,2026-07-06
1981,52.0,1,3,2026-07-06
1982,110.0,2,3;9,2026-07-06
1992,85.0,1,3,2026-07-06
1994,20.0,2,6;12,2026-07-06
1997,95.0,1,8,2026-07-06
2001,68.0,2,3;9,2026-07-06
2002,65.0,2,3;9,2026-07-06
2003,70.0,2,3;9,2026-07-06
2004,140.0,2,3;9,2026-07-06
2009,49.0,1,12,2026-07-06
2053,76.0,2,3;9,2026-07-06
2055,6.0,1,3,2026-07-06
205A,63.39,1,5,2026-07-06
2060,52.0,2,3;9,2026-07-06
208A,35.0,1,6,2026-07-07
2108,260.0,1,3,2026-07-06
2109,140.0,2,3;9,2026-07-06
2112,16.0,2,3;9,2026-07-06
2114,19.0,2,3;9,2026-07-06
2117,119.0,2,3;9,2026-07-06
211A,180.0,1,7,2026-07-06
2120,5.3,1,3,2026-07-06
2121,125.0,2,3;9,2026-07-06
2122,30.0,1,9,2026-07-06
2124,38.0,2,6;12,2026-07-06
2127,29.0,2,3;9,2026-07-06
212A,46.0,2,4;10,2026-07-06
2130,35.0,1,3,2026-07-06
2134,600.0,1,3,2026-07-07
2136,71.0,1,3,2026-07-06
2138,15.0,1,3,2026-07-07
2139,14.0,1,3,2026-07-06
2146,164.81,1,3,2026-07-07
2148,50.0,1,3,2026-07-06
2152,26.0,1,3,2026-07-06
2153,69.0,2,5;11,2026-07-06
2154,85.0,2,6;12,2026-07-06
2156,6.0,1,3,2026-07-06
2157,26.0,2,2;8,2026-07-06
2158,3.0,1,3,2026-07-07
2162,9.0,1,3,2026-07-06
2163,86.0,2,1;7,2026-07-06
2164,3.0,1,8,2026-07-07
2168,75.0,1,5,2026-07-06
2169,74.0,2,6;12,2026-07-06
2170,16.4,2,6;12,2026-07-06
2173,27.0,2,6;12,2026-07-06
2175,30.5,1,3,2026-07-06
2179,33.0,2,3;9,2026-07-06
2180,24.0,2,6;12,2026-07-06
2181,13.0,2,3;9,2026-07-06
2183,8.0,1,3,2026-07-06
2185,55.0,2,3;9,2026-07-06
2186,33.0,2,2;8,2026-07-06
2193,8.0,1,12,2026-07-07
2195,5.0,1,12,2026-07-06
2198,24.0,1,10,2026-07-06
2201,70.0,2,3;9,2026-07-06
2204,75.0,1,3,2026-07-06
2206,95.0,2,6;12,2026-07-06
2207,80.0,2,3;9,2026-07-06
2208,44.0,2,3;9,2026-07-06
2209,38.0,1,3,2026-07-06
220A,30.0,1,9,2026-07-06
2211,30.0,1,12,2026-07-06
2212,60.0,1,12,2026-07-06
2216,33.0,2,6;12,2026-07-06
2217,16.0,2,1;7,2026-07-06
2220,24.0,2,3;9,2026-07-06
2221,32.0,1,3,2026-07-06
2222,35.0,1,3,2026-07-06
2224,7.0,1,3,2026-07-06
2226,55.0,1,3,2026-07-06
2229,69.0,1,3,2026-07-06
2264,25.0,2,3;9,2026-07-06
2266,20.0,1,12,2026-07-06
2267,72.0,2,3;9,2026-07-06
2268,60.0,2,6;12,2026-07-06
2269,110.0,2,3;9,2026-07-06
2270,100.0,1,3,2026-07-06
2281,80.0,2,3;9,2026-07-06
2282,180.0,1,3,2026-07-06
2286,45.0,1,3,2026-07-06
2288,80.0,2,3;9,2026-07-06
2291,15.0,1,3,2026-07-07
2292,110.0,2,2;8,2026-07-06
2293,20.0,1,3,2026-07-06
2294,85.0,1,4,2026-07-06
2296,155.0,2,3;9,2026-07-06
2300,11.0,2,2;8,2026-07-06
2301,75.0,2,4;10,2026-07-06
2303,26.0,1,5,2026-07-06
2304,35.0,2,3;9,2026-07-06
2305,50.0,1,2,2026-07-06
2307,39.0,1,3,2026-07-06
2311,32.0,2,6;12,2026-07-06
2315,200.0,1,3,2026-07-07
2317,18.0,2,3;9,2026-07-06
2325,110.0,2,6;12,2026-07-06
2326,100.0,2,3;9,2026-07-06
2327,87.0,2,3;9,2026-07-06
2329,27.06,2,3;9,2026-07-06
2330,78.0,1,12,2026-07-07
2331,33.0,2,3;9,2026-07-06
2332,61.0,1,3,2026-07-06
2335,46.0,2,3;9,2026-07-06
2337,15.5,1,2,2026-07-06
2340,6.0,1,3,2026-07-07
2341,5.0,1,2,2026-07-06
2342,3.0,1,3,2026-07-07
2345,7.0,1,10,2026-07-07
2349,30.0,1,3,2026-07-06
2351,3.0,1,3,2026-07-06
2353,9.0,1,7,2026-07-06
2354,30.0,2,2;8,2026-07-06
2359,60.0,2,3;9,2026-07-06
2371,54.0,2,3;9,2026-07-06
2373,17.0,2,4;10,2026-07-06
2375,2.0,1,10,2026-07-06
2376,15.0,1,3,2026-07-06
2378,13.0,2,3;9,2026-07-06
2379,97.0,2,2;8,2026-07-06
2384,105.0,1,12,2026-07-06
2385,5.0,1,6,2026-07-06
2388,100.0,1,9,2026-07-07
2391,44.0,2,1;7,2026-07-06
2393,74.0,1,3,2026-07-06
2395,50.0,2,3;9,2026-07-06
2404,3.0,1,8,2026-07-07
2408,37.0,2,6;12,2026-07-06
2410,125.0,1,9,2026-07-06
2411,25.0,2,3;9,2026-07-06
2413,1300.0,1,3,2026-07-07
2415,71.0,1,3,2026-07-06
2418,14.0,2,6;12,2026-07-06
2424,8.0,1,7,2026-07-06
2425,22.0,1,3,2026-07-06
2428,29.5,2,6;12,2026-07-06
2429,136.3,1,12,2026-07-06
2432,66.0,1,3,2026-07-07
2433,32.0,2,3;9,2026-07-06
2435,8.0,1,3,2026-07-06
2436,16.0,1,12,2026-07-06
2437,5.5,1,5,2026-07-06
2438,7.0,1,4,2026-07-06
2440,8.0,2,3;9,2026-07-07
2445,16.0,2,3;9,2026-07-06
2449,41.0,1,8,2026-07-06
2454,1.0,1,3,2026-07-07
2459,150.0,1,5,2026-07-07
2461,21.0,2,6;12,2026-07-06
2462,60.0,2,5;11,2026-07-06
2464,11.0,1,3,2026-07-06
2469,67.5,2,3;9,2026-07-06
246A,7.0,1,6,2026-07-06
2471,10.0,1,11,2026-07-06
2475,94.0,2,3;9,2026-07-06
2477,40.0,2,6;12,2026-07-06
2479,1.0,1,3,2026-07-06
2480,38.0,1,3,2026-07-06
2481,20.0,1,6,2026-07-06
2483,140.0,1,3,2026-07-06
2484,3.6,1,8,2026-07-07
2485,23.0,2,3;9,2026-07-06
2488,50.0,2,3;9,2026-07-06
2489,6.57,1,12,2026-07-06
2491,16.0,2,6;12,2026-07-06
2492,6.58,2,6;12,2026-07-06
2493,5.0,1,11,2026-07-06
2497,22.0,2,3;9,2026-07-06
2498,125.0,1,9,2026-07-06
2499,14.0,2,6;12,2026-07-06
2501,40.0,2,6;12,2026-07-06
2502,52.0,2,6;12,2026-07-06
2503,76.0,2,6;12,2026-07-06
250A,54.0,2,3;9,2026-07-06
2531,31.0,1,3,2026-07-06
2533,12.0,1,12,2026-07-06
253A,23.0,1,9,2026-07-06
255A,126.0,1,3,2026-07-06
256A,110.0,1,3,2026-07-06
2573,30.0,2,6;12,2026-07-06
2579,72.0,2,6;12,2026-07-06
2585,15.0,1,3,2026-07-06
2587,120.0,2,6;12,2026-07-06
2588,120.0,2,3;9,2026-07-06
2590,30.0,2,1;7,2026-07-06
2593,52.0,2,4;10,2026-07-06
2594,12.0,2,3;9,2026-07-06
2597,8.0,1,12,2026-07-06
2602,60.0,2,3;9,2026-07-06
2607,62.0,2,3;9,2026-07-06
2612,47.0,1,3,2026-07-06
2613,80.0,2,3;9,2026-07-06
261A,74.0,2,6;12,2026-07-06
262A,51.0,1,12,2026-07-06
2652,1.0,1,9,2026-07-06
2653,50.0,2,2;8,2026-07-06
2654,10.0,1,3,2026-07-06
2656,500.0,1,3,2026-07-07
2659,110.0,1,2,2026-07-06
2664,100.0,2,3;9,2026-07-06
2666,4.0,1,3,2026-07-06
2668,30.0,1,2,2026-07-06
2669,38.0,2,2;8,2026-07-06
2670,80.0,2,2;8,2026-07-06
2674,92.0,1,3,2026-07-06
2676,76.0,2,3;9,2026-07-06
2678,20.0,2,5;11,2026-07-06
2681,34.0,2,3;9,2026-07-06
2683,10.0,1,2,2026-07-06
2685,90.0,2,2;8,2026-07-06
2687,20.0,2,2;8,2026-07-06
2689,80.0,1,6,2026-07-06
268A,19.0,2,6;12,2026-07-06
2693,5.0,1,12,2026-07-06
2694,0.5,1,3,2026-07-07
2695,30.0,1,10,2026-07-06
2698,17.0,2,2;8,2026-07-06
2700,50.0,2,6;12,2026-07-06
2702,64.0,1,12,2026-07-06
2705,20.0,1,3,2026-07-06
2708,45.0,1,3,2026-07-06
2722,9.0,1,5,2026-07-06
2726,40.0,1,2,2026-07-06
2730,50.0,2,3;9,2026-07-06
2733,112.0,2,3;9,2026-07-06
2734,33.0,2,5;11,2026-07-06
2735,20.0,2,2;8,2026-07-06
2736,7.0,1,8,2026-07-06
2737,600.0,1,3,2026-07-06
2742,72.0,2,2;8,2026-07-06
2747,50.0,1,2,2026-07-06
2749,13.5,1,3,2026-07-06
274A,90.0,2,2;8,2026-07-06
2750,55.0,2,3;9,2026-07-06
2751,9.0,1,4,2026-07-06
2752,3.0,1,12,2026-07-06
2753,34.0,2,3;9,2026-07-06
2760,108.0,2,3;9,2026-07-06
2762,4.0,2,6;12,2026-07-07
2763,55.0,2,3;9,2026-07-06
2764,1.22,1,3,2026-07-06
2767,70.0,1,3,2026-07-06
2768,180.0,2,3;9,2026-07-06
2769,14.0,1,5,2026-07-06
276A,27.0,1,8,2026-07-06
2778,12.0,2,2;8,2026-07-07
2780,108.0,2,3;9,2026-07-06
2782,80.0,2,3;9,2026-07-06
2784,71.0,2,3;9,2026-07-06
2788,10.0,1,12,2026-07-06
2789,5.0,1,2,2026-07-06
2790,58.0,2,3;9,2026-07-06
2791,35.0,1,5,2026-07-06
2792,55.0,2,5;11,2026-07-06
2795,25.0,1,3,2026-07-06
2796,14.0,1,5,2026-07-06
2801,25.0,2,3;9,2026-07-06
2802,50.0,2,3;9,2026-07-06
2804,45.0,2,3;9,2026-07-06
2805,60.0,2,3;9,2026-07-06
2806,40.0,2,3;9,2026-07-06
2809,65.0,2,5;11,2026-07-06
2810,100.0,2,3;9,2026-07-06
2811,58.0,1,12,2026-07-06
2813,110.0,1,3,2026-07-06
2814,50.0,2,3;9,2026-07-06
2815,300.0,2,3;9,2026-07-06
2816,20.0,2,3;9,2026-07-06
2818,24.0,1,3,2026-07-06
2819,50.0,2,3;9,2026-07-06
2820,72.0,2,6;12,2026-07-06
2831,70.0,2,3;9,2026-07-06
2871,50.0,2,6;12,2026-07-06
2872,18.0,1,2,2026-07-06
2874,24.0,2,3;9,2026-07-06
2875,220.0,2,3;9,2026-07-06
2876,12.0,1,3,2026-07-06
2877,12.0,1,3,2026-07-06
287A,63.0,2,3;9,2026-07-06
2882,15.0,2,2;8,2026-07-06
2883,60.0,1,3,2026-07-06
2892,150.0,2,3;9,2026-07-06
2894,4.0,1,3,2026-07-06
2897,70.0,2,3;9,2026-07-06
2901,4.0,1,8,2026-07-06
2903,34.0,2,3;9,2026-07-06
2904,14.0,1,6,2026-07-06
2907,58.0,1,3,2026-07-06
2908,46.0,2,3;9,2026-07-06
2910,24.0,2,4;10,2026-07-06
2911,35.0,1,3,2026-07-06
2914,242.0,2,6;12,2026-07-06
2915,70.0,2,3;9,2026-07-06
2916,15.0,1,3,2026-07-06
2917,10.0,1,9,2026-07-07
2918,120.0,2,2;8,2026-07-06
2922,30.0,2,3;9,2026-07-06
2923,20.0,1,4,2026-07-06
2924,69.0,2,3;9,2026-07-06
2926,3.0,1,9,2026-07-06
2927,36.0,2,2;8,2026-07-06
2929,25.0,2,1;7,2026-07-06
2930,3.5,2,2;8,2026-07-06
2932,40.0,2,6;12,2026-07-06
2933,23.0,1,3,2026-07-06
2935,29.0,2,2;8,2026-07-06
2937,35.0,1,3,2026-07-06
2938,8.0,2,6;12,2026-07-06
2961,180.0,1,9,2026-07-06
296A,33.0,2,3;9,2026-07-06
2975,45.0,2,5;11,2026-07-06
297A,5.0,1,3,2026-07-06
2980,20.0,1,3,2026-07-06
2981,56.0,2,3;9,2026-07-06
2982,20.0,2,6;12,2026-07-06
2983,45.0,2,1;7,2026-07-06
2984,31.0,1,3,2026-07-06
2986,520.0,2,6;12,2026-07-06
2991,11.1,1,7,2026-07-06
2993,100.0,1,3,2026-07-06
2998,8.0,1,3,2026-07-06
2999,10.0,1,8,2026-07-06
3001,60.0,1,12,2026-07-06
3002,216.0,1,3,2026-07-06
3003,67.0,2,6;12,2026-07-06
3004,110.0,1,3,2026-07-06
300A,77.0,1,3,2026-07-06
3010,5.0,1,3,2026-07-06
3011,5.0,1,3,2026-07-06
3020,100.0,2,3;9,2026-07-06
3021,52.0,1,5,2026-07-06
3023,80.0,2,3;9,2026-07-06
3024,40.0,2,3;9,2026-07-06
3028,50.0,2,6;12,2026-07-06
3030,10.0,1,2,2026-07-06
3031,22.0,2,4;10,2026-07-06
3034,54.0,2,3;9,2026-07-06
3035,18.0,2,2;8,2026-07-06
3036,90.0,2,3;9,2026-07-06
3038,32.0,1,10,2026-07-06
3040,60.0,2,6;12,2026-07-06
3041,5.25,1,6,2026-07-06
3042,3.0,1,3,2026-07-06
3045,50.0,2,2;8,2026-07-06
3046,115.0,2,2;8,2026-07-06
3048,41.0,2,2;8,2026-07-06
3050,48.0,2,2;8,2026-07-06
3053,30.0,2,6;12,2026-07-07
3054,7.0,2,6;12,2026-07-06
3058,1.0,1,3,2026-07-06
3059,20.0,2,3;9,2026-07-06
3063,4.0,2,2;8,2026-07-06
3064,37.0,2,6;12,2026-07-06
3065,5.0,1,2,2026-07-06
3067,5.0,1,9,2026-07-07
3068,17.0,1,3,2026-07-06
3069,4.0,1,3,2026-07-06
3070,16.0,1,1,2026-07-07
3071,3.0,1,1,2026-07-06
3075,15.0,1,2,2026-07-06
3076,110.0,2,6;12,2026-07-06
3077,7.0,1,3,2026-07-07
3079,50.0,1,3,2026-07-06
3080,13.0,1,2,2026-07-06
3082,7.5,2,6;12,2026-07-06
3083,10.0,1,2,2026-07-06
3086,56.0,2,2;8,2026-07-06
3087,60.0,2,2;8,2026-07-06
3088,56.0,2,3;9,2026-07-06
3089,35.0,1,11,2026-07-06
3091,28.0,2,6;12,2026-07-06
3092,40.0,2,3;9,2026-07-06
3093,44.0,2,2;8,2026-07-06
3096,20.0,2,3;9,2026-07-06
3097,40.0,2,6;12,2026-07-06
3099,80.0,2,3;9,2026-07-06
3101,40.0,1,3,2026-07-06
3104,78.0,2,3;9,2026-07-06
3105,36.0,2,6;12,2026-07-06
3106,199.0,2,3;9,2026-07-06
3107,110.0,2,3;9,2026-07-06
3109,50.0,2,3;9,2026-07-06
3110,140.0,2,3;9,2026-07-06
3111,1.0,1,3,2026-07-07
3113,5.0,1,3,2026-07-07
3116,86.0,2,3;9,2026-07-06
3121,2.0,1,10,2026-07-06
3123,18.0,2,3;9,2026-07-06
3131,135.0,1,3,2026-07-06
3132,80.0,2,3;9,2026-07-06
3133,4.0,2,3;9,2026-07-07
3134,3.0,1,4,2026-07-06
3135,8000.0,1,6,2026-07-07
3137,3.0,1,3,2026-07-07
3138,16.0,1,12,2026-07-06
3139,132.0,2,5;11,2026-07-06
3140,4.0,1,6,2026-07-06
3143,22.0,2,3;9,2026-07-06
3148,90.0,2,5;11,2026-07-06
3150,93.0,2,3;9,2026-07-06
3151,70.0,2,3;9,2026-07-06
3153,56.0,1,3,2026-07-06
3154,20.0,1,6,2026-07-06
3156,135.0,2,3;9,2026-07-06
3157,55.0,2,3;9,2026-07-06
3159,6.0,1,1,2026-07-06
3160,15.0,2,5;11,2026-07-06
3161,23.0,1,4,2026-07-06
3166,55.0,2,3;9,2026-07-06
3167,38.0,2,3;9,2026-07-06
3168,20.0,2,2;8,2026-07-06
3169,8.0,1,1,2026-07-06
3172,30.0,2,1;7,2026-07-06
3173,40.0,2,3;9,2026-07-06
3174,15.0,2,2;8,2026-07-07
3176,58.0,2,3;9,2026-07-06
3177,135.0,1,2,2026-07-06
3178,5.0,2,3;9,2026-07-06
3179,40.0,1,3,2026-07-06
3180,18.0,2,4;10,2026-07-06
3181,11.0,1,2,2026-07-06
3182,26.0,1,3,2026-07-06
3183,55.0,1,3,2026-07-06
3184,70.0,1,3,2026-07-06
3186,50.0,1,11,2026-07-06
3187,4.0,1,9,2026-07-06
3189,4.0,1,8,2026-07-07
3190,11.0,1,3,2026-07-06
3191,84.0,2,6;12,2026-07-06
3192,7.5,1,8,2026-07-07
3193,46.0,2,1;7,2026-07-06
3196,13.0,1,12,2026-07-06
3197,26.0,2,6;12,2026-07-06
3199,31.0,1,3,2026-07-06
3201,50.0,2,5;11,2026-07-06
3202,3.0,1,3,2026-07-06
3204,15.0,1,12,2026-07-06
3205,50.0,1,3,2026-07-06
3221,32.0,2,3;9,2026-07-06
3222,16.0,2,2;8,2026-07-06
3223,20.0,1,3,2026-07-07
3224,10.0,1,3,2026-07-06
3231,44.0,2,3;9,2026-07-06
3232,20.0,2,3;9,2026-07-06
3236,6.0,1,5,2026-07-06
3237,2.0,1,3,2026-07-07
3238,13.0,1,3,2026-07-06
3241,23.5,1,12,2026-07-06
3242,22.0,2,6;12,2026-07-06
3245,64.0,1,9,2026-07-06
3246,24.0,1,1,2026-07-06
3248,36.0,2,4;10,2026-07-06
3252,130.0,2,6;12,2026-07-06
3261,15.0,1,12,2026-07-06
3266,1.0,1,11,2026-07-06
3267,25.0,1,11,2026-07-06
3271,33.0,1,6,2026-07-06
3276,64.0,2,6;12,2026-07-06
3277,51.0,2,6;12,2026-07-06
3280,34.0,2,2;8,2026-07-06
3284,75.0,2,3;9,2026-07-06
3286,18.0,2,6;12,2026-07-06
3288,188.0,2,3;9,2026-07-06
3289,50.0,2,3;9,2026-07-06
3291,92.0,2,3;9,2026-07-06
3293,35.0,2,3;9,2026-07-06
3297,40.0,1,5,2026-07-06
3299,130.0,2,6;12,2026-07-06
3300,110.0,1,6,2026-07-06
3302,65.0,1,12,2026-07-06
3306,4.0,1,3,2026-07-06
3315,3.0,1,3,2026-07-06
3317,17.0,1,3,2026-07-06
331A,19.0,2,3;9,2026-07-06
3320,60.0,2,1;7,2026-07-06
3321,60.0,2,5;11,2026-07-06
3323,1.2,1,9,2026-07-06
3326,10.0,1,6,2026-07-07
3329,20.0,2,4;10,2026-07-06
3333,50.0,2,2;8,2026-07-06
3349,75.0,2,5;11,2026-07-06
334A,29.0,1,12,2026-07-06
3352,70.0,2,3;9,2026-07-06
3353,120.0,2,2;8,2026-07-06
3355,61.0,2,6;12,2026-07-06
3358,2.0,2,3;9,2026-07-06
3359,10.0,1,9,2026-07-06
3360,65.0,1,3,2026-07-06
3361,23.0,1,4,2026-07-06
3370,3.0,1,3,2026-07-06
3371,62.0,2,3;9,2026-07-06
3372,2000.0,1,11,2026-07-07
3374,110.0,1,3,2026-07-06
3375,75.0,1,3,2026-07-06
3377,11.0,2,5;11,2026-07-06
3382,60.0,2,2;8,2026-07-06
3386,50.0,2,6;12,2026-07-06
3387,5.0,2,2;8,2026-07-06
3388,96.0,2,3;9,2026-07-06
3391,48.0,2,2;8,2026-07-06
3392,27.0,1,3,2026-07-06
3393,145.0,2,3;9,2026-07-06
3395,54.0,2,3;9,2026-07-06
3396,25.0,1,2,2026-07-06
3397,12.0,1,3,2026-07-06
3399,30.0,1,1,2026-07-06
339A,30.0,1,2,2026-07-06
3401,50.0,2,3;9,2026-07-06
3402,26.0,2,3;9,2026-07-06
3405,64.0,2,6;12,2026-07-06
3407,44.0,2,3;9,2026-07-06
3415,7.0,1,1,2026-07-06
3416,45.0,1,12,2026-07-06
3417,26.0,1,3,2026-07-06
3418,7.5,2,1;7,2026-07-06
3420,70.0,1,3,2026-07-06
3421,44.0,2,1;7,2026-07-06
3422,8.0,2,3;9,2026-07-06
3423,12.0,1,3,2026-07-06
3426,30.0,2,6;12,2026-07-06
3431,75.0,2,3;9,2026-07-06
3433,86.0,2,3;9,2026-07-06
3434,51.0,2,3;9,2026-07-06
3435,46.0,1,3,2026-07-06
3436,20.0,2,6;12,2026-07-06
3437,102.0,2,3;9,2026-07-06
3439,20.0,2,6;12,2026-07-06
343A,38.0,1,3,2026-07-06
3440,42.0,1,8,2026-07-06
3441,25.0,1,7,2026-07-06
3443,42.0,2,3;9,2026-07-06
3444,10.0,1,4,2026-07-06
3445,55.0,1,12,2026-07-06
3446,1000.0,1,6,2026-07-07
3447,36.0,2,3;9,2026-07-06
3449,62.0,2,6;12,2026-07-06
3452,80.0,1,12,2026-07-06
3454,37.0,1,11,2026-07-06
3457,46.0,1,6,2026-07-06
3461,13.0,1,9,2026-07-06
3465,140.0,2,3;9,2026-07-06
3467,140.0,1,3,2026-07-06
3469,12.5,1,6,2026-07-06
3475,46.0,1,10,2026-07-06
3477,32.5,2,3;9,2026-07-06
3480,115.0,1,10,2026-07-06
3482,98.0,1,12,2026-07-06
3484,34.0,1,3,2026-07-06
3486,100.0,1,12,2026-07-06
3489,45.0,1,3,2026-07-06
3490,30.0,1,2,2026-07-06
3491,13.0,1,10,2026-07-06
3494,6.4,1,9,2026-07-06
3495,60.0,2,3;9,2026-07-06
3496,126.0,2,3;9,2026-07-06
3498,240.0,1,8,2026-07-06
3501,43.0,2,5;11,2026-07-06
3512,28.0,2,3;9,2026-07-06
3513,100.0,2,3;9,2026-07-06
3521,5.0,1,3,2026-07-06
3524,50.0,1,4,2026-07-06
3529,30.0,1,3,2026-07-07
3536,2.0,1,8,2026-07-06
3537,41.0,1,3,2026-07-06
3538,46.0,2,6;12,2026-07-06
3539,24.0,2,1;7,2026-07-06
3542,18.0,1,3,2026-07-06
3543,62.0,2,2;8,2026-07-06
3544,12.0,1,5,2026-07-06
3547,15.0,1,11,2026-07-06
3548,38.0,1,2,2026-07-06
3549,64.0,2,5;11,2026-07-06
3550,5.0,1,2,2026-07-06
3551,46.0,1,3,2026-07-06
3553,52.0,2,3;9,2026-07-06
3558,30.0,1,2,2026-07-07
3559,10.0,1,3,2026-07-06
3560,90.0,1,8,2026-07-06
3561,24.0,2,3;9,2026-07-06
3562,79.0,2,2;8,2026-07-06
3563,35.0,1,9,2026-07-06
3565,15.0,2,1;7,2026-07-06
3566,6.0,1,12,2026-07-06
3569,76.0,2,3;9,2026-07-06
3571,40.0,2,3;9,2026-07-06
3577,25.0,1,3,2026-07-06
3580,27.0,2,3;9,2026-07-06
3583,35.0,1,3,2026-07-06
3591,100.0,2,3;9,2026-07-06
3597,500.0,1,6,2026-07-06
3598,3.0,1,3,2026-07-06
3600,50.0,1,3,2026-07-06
3607,10.0,2,2;8,2026-07-06
3608,70.0,1,2,2026-07-06
3611,115.0,1,3,2026-07-06
3612,67.0,2,2;8,2026-07-06
3622,7.0,1,3,2026-07-06
3623,32.5,1,12,2026-07-06
3625,8.0,1,6,2026-07-06
3626,90.0,2,3;9,2026-07-06
3627,5.0,2,2;8,2026-07-06
3628,20.0,1,6,2026-07-07
3632,14.5,1,6,2026-07-06
3633,93.0,1,12,2026-07-06
3634,6.0,1,3,2026-07-06
3635,48.0,1,3,2026-07-06
3636,165.0,2,3;9,2026-07-06
3639,8.0,1,6,2026-07-07
3640,100.0,2,3;9,2026-07-06
3641,10.0,1,3,2026-07-06
3645,3.0,1,5,2026-07-06
3646,8.0,1,3,2026-07-06
3647,2.0,1,8,2026-07-07
3648,36.0,2,3;9,2026-07-06
3649,27.0,2,6;12,2026-07-06
3657,16.0,2,1;7,2026-07-06
3659,30.0,2,6;12,2026-07-06
365A,42.0,2,2;8,2026-07-06
3660,1.0,1,6,2026-07-06
3661,24.0,1,3,2026-07-06
3662,28.0,2,1;7,2026-07-06
3663,38.0,2,6;12,2026-07-06
3665,30.0,1,1,2026-07-07
3667,18.0,1,12,2026-07-07
3668,12.0,1,9,2026-07-06
366A,40.0,1,3,2026-07-06
3670,65.0,1,3,2026-07-06
3671,10.0,1,12,2026-07-06
3672,27.5,1,9,2026-07-07
3673,15.0,2,6;12,2026-07-06
3675,15.0,2,6;12,2026-07-06
3676,25.0,2,3;9,2026-07-06
3678,40.0,1,2,2026-07-06
3679,13.5,1,3,2026-07-06
367A,120.0,2,2;8,2026-07-06
3680,6.2,2,6;12,2026-07-06
3681,4.0,1,12,2026-07-07
3682,27.0,1,3,2026-07-06
3683,35.0,1,12,2026-07-06
3687,18.0,1,9,2026-07-06
368A,41.0,1,3,2026-07-06
3690,8.0,1,9,2026-07-06
3691,412.0,1,9,2026-07-07
3692,18.0,1,3,2026-07-06
3695,64.21,1,12,2026-07-06
3696,60.0,1,12,2026-07-06
3698,27.0,1,9,2026-07-06
369A,54.0,2,2;8,2026-07-06
3708,94.0,2,3;9,2026-07-06
3710,6.0,1,9,2026-07-06
3712,120.0,2,3;9,2026-07-06
3719,3.0,1,12,2026-07-06
3723,10.0,1,9,2026-07-06
3726,20.0,1,9,2026-07-07
3727,3.5,1,12,2026-07-06
372A,210.0,1,5,2026-07-06
3733,170.0,1,10,2026-07-06
373A,9469.57,1,3,2026-07-07
3741,62.0,1,3,2026-07-06
3744,5.0,1,12,2026-07-06
3747,3.0,1,9,2026-07-07
3750,20.0,1,3,2026-07-07
3758,12.0,1,12,2026-07-06
3760,10.0,1,5,2026-07-06
3762,54.0,2,3;9,2026-07-06
3763,42.0,1,3,2026-07-06
3765,90.0,1,12,2026-07-06
3766,60.0,1,3,2026-07-06
3768,16.5,1,3,2026-07-06
3769,170.0,1,9,2026-07-06
3771,70.0,1,3,2026-07-06
3772,20.0,1,3,2026-07-06
3773,22.0,1,3,2026-07-06
3774,43.0,2,3;9,2026-07-06
3776,2.0,2,6;12,2026-07-06
3778,5.5,1,3,2026-07-06
3788,59.67,1,12,2026-07-06
378A,35.0,1,6,2026-07-06
3791,17.0,1,5,2026-07-06
3793,5.0,1,3,2026-07-06
3796,3.0,1,3,2026-07-06
3798,8.2,1,3,2026-07-06
3799,40.0,2,3;9,2026-07-06
3800,75.0,2,3;9,2026-07-06
3802,13.0,1,3,2026-07-06
3804,32.0,1,10,2026-07-06
3807,3.0,1,12,2026-07-06
3815,3.0,1,8,2026-07-07
3816,19.0,1,7,2026-07-06
3817,220.0,2,3;9,2026-07-06
3825,2.0,1,3,2026-07-06
3826,11.0,1,2,2026-07-06
3834,25.0,2,3;9,2026-07-06
3835,15.2,1,3,2026-07-06
3836,32.0,1,6,2026-07-07
3837,48.0,2,3;9,2026-07-06
3839,10.0,2,3;9,2026-07-06
3841,40.0,1,3,2026-07-06
3842,30.0,2,3;9,2026-07-06
3843,41.0,1,4,2026-07-06
3844,52.0,2,3;9,2026-07-06
3845,3.0,1,3,2026-07-07
3848,35.0,1,3,2026-07-06
3850,75.0,1,3,2026-07-06
3851,5.0,1,3,2026-07-06
3853,10.0,1,3,2026-07-06
3854,60.0,2,1;7,2026-07-06
3856,3.0,1,3,2026-07-07
3861,36.0,2,3;9,2026-07-06
3863,15.0,2,3;9,2026-07-06
3864,20.0,2,3;9,2026-07-06
3865,26.0,2,3;9,2026-07-06
386A,24.66,1,6,2026-07-06
3877,120.0,2,3;9,2026-07-06
3878,15.0,1,3,2026-07-06
3880,14.0,2,3;9,2026-07-06
3891,110.0,2,3;9,2026-07-06
3892,50.0,2,5;11,2026-07-06
3895,16.0,1,3,2026-07-06
3896,2.0,1,3,2026-07-07
3901,58.0,1,12,2026-07-06
3903,5.0,1,4,2026-07-07
3904,3.9,1,12,2026-07-06
3907,10.0,1,11,2026-07-06
3908,6.0,1,3,2026-07-06
3909,6.5,1,12,2026-07-07
3910,8.0,1,3,2026-07-06
3911,2.0,1,12,2026-07-07
3912,51.0,2,6;12,2026-07-06
3915,17.0,1,2,2026-07-06
3916,75.0,2,6;12,2026-07-06
3918,58.0,2,3;9,2026-07-06
3920,22.0,2,3;9,2026-07-06
3921,54.0,2,1;7,2026-07-06
3922,16.8,1,2,2026-07-06
3923,8.0,1,3,2026-07-06
3925,70.0,1,3,2026-07-06
3927,16.0,2,3;9,2026-07-06
3928,12.0,2,6;12,2026-07-07
3929,13.0,2,3;9,2026-07-07
3931,25.0,1,1,2026-07-06
3932,55.0,1,3,2026-07-06
3933,23.0,1,3,2026-07-06
3934,97.0,1,3,2026-07-06
3935,17.0,1,2,2026-07-06
3937,40.0,1,3,2026-07-07
3939,9.0,1,9,2026-07-06
3940,3.55,1,12,2026-07-06
3941,50.0,2,3;9,2026-07-06
3943,52.0,2,3;9,2026-07-06
3944,50.0,2,6;12,2026-07-06
3945,110.0,1,3,2026-07-06
3946,170.0,2,3;9,2026-07-06
3947,80.0,1,12,2026-07-06
3948,50.0,2,6;12,2026-07-06
3950,42.0,2,6;12,2026-07-06
3951,38.0,2,3;9,2026-07-06
3953,30.0,1,3,2026-07-06
3954,50.0,2,3;9,2026-07-06
3955,30.0,1,1,2026-07-06
3958,18.0,2,6;12,2026-07-06
3962,26.0,1,3,2026-07-06
3963,15.0,1,3,2026-07-06
3964,40.0,2,6;12,2026-07-06
3965,19.0,2,3;9,2026-07-06
3968,18.0,2,6;12,2026-07-06
3969,36.0,2,3;9,2026-07-06
3970,40.0,1,3,2026-07-06
3974,14.0,2,4;10,2026-07-06
3979,4.3,1,3,2026-07-06
3981,45.0,1,12,2026-07-06
3983,50.0,2,6;12,2026-07-06
3984,20.0,2,6;12,2026-07-06
3986,30.0,1,6,2026-07-06
3988,8.0,1,7,2026-07-06
3989,55.0,2,3;9,2026-07-06
3991,20.0,1,8,2026-07-06
3992,12.0,1,9,2026-07-06
3996,2.5,1,2,2026-07-07
3997,2.0,1,12,2026-07-06
4004,65.0,1,12,2026-07-06
4005,16.0,2,3;9,2026-07-06
4008,200.0,2,3;9,2026-07-06
4012,57.0,1,12,2026-07-06
4013,10.0,1,12,2026-07-06
4016,30.0,1,11,2026-07-06
4019,8.0,1,12,2026-07-06
4021,212.0,2,3;9,2026-07-06
4022,36.0,2,3;9,2026-07-06
4023,216.0,2,3;9,2026-07-06
4025,80.0,1,12,2026-07-06
4026,46.0,2,4;10,2026-07-06
4027,80.0,2,3;9,2026-07-06
4028,130.0,2,3;9,2026-07-06
4031,28.0,1,3,2026-07-06
4040,65.0,2,3;9,2026-07-06
4041,160.0,2,3;9,2026-07-06
4042,100.0,2,3;9,2026-07-06
4043,120.0,2,3;9,2026-07-06
4044,170.0,2,3;9,2026-07-06
4045,70.0,2,6;12,2026-07-06
4046,28.0,2,3;9,2026-07-06
4047,36.0,2,3;9,2026-07-06
4051,125.0,1,9,2026-07-06
4054,8.0,1,6,2026-07-06
4055,11.0,1,9,2026-07-06
4058,27.0,1,12,2026-07-06
4060,14.0,1,12,2026-07-06
4061,100.0,2,3;9,2026-07-06
4062,35.0,2,3;9,2026-07-06
4063,106.0,2,3;9,2026-07-06
4064,134.0,2,3;9,2026-07-06
4071,38.0,1,9,2026-07-06
4072,100.0,2,6;12,2026-07-06
4073,16.0,1,6,2026-07-07
4076,50.0,1,5,2026-07-06
4078,160.0,2,3;9,2026-07-06
407A,45.0,2,6;12,2026-07-06
4082,30.0,2,3;9,2026-07-06
4088,75.0,2,3;9,2026-07-06
4091,66.0,2,3;9,2026-07-06
4092,60.0,1,3,2026-07-06
4093,14.0,2,3;9,2026-07-06
4094,90.0,2,3;9,2026-07-06
4095,50.0,2,3;9,2026-07-06
4097,40.0,2,3;9,2026-07-06
4098,12.0,1,3,2026-07-06
4099,60.0,2,6;12,2026-07-06
409A,34.0,2,3;9,2026-07-06
4100,40.0,2,3;9,2026-07-07
4102,30.0,1,3,2026-07-06
4107,40.0,2,6;12,2026-07-06
4109,180.0,2,3;9,2026-07-06
410A,48.24,1,12,2026-07-06
4112,60.0,2,3;9,2026-07-06
4113,6.0,2,3;9,2026-07-06
4114,100.0,2,3;9,2026-07-06
4116,55.0,2,3;9,2026-07-06
4118,210.0,2,3;9,2026-07-06
4119,100.0,1,3,2026-07-06
4120,90.0,1,3,2026-07-06
4124,37.0,1,9,2026-07-06
4125,50.0,1,3,2026-07-06
414A,36.2,1,8,2026-07-07
4151,70.0,2,6;12,2026-07-06
415A,276.5,1,12,2026-07-06
4168,14.0,2,6;12,2026-07-06
416A,62.0,2,3;9,2026-07-06
4171,52.0,2,6;12,2026-07-06
4172,88.0,2,3;9,2026-07-06
4174,29.0,2,1;7,2026-07-06
4177,54.0,1,3,2026-07-06
417A,32.0,2,3;9,2026-07-06
4180,2.3,1,12,2026-07-06
4182,110.0,2,3;9,2026-07-06
4183,75.0,2,3;9,2026-07-06
4186,80.0,2,6;12,2026-07-06
4187,80.0,2,5;11,2026-07-06
4188,32.0,2,3;9,2026-07-06
4189,110.0,2,6;12,2026-07-06
4193,40.0,2,3;9,2026-07-06
4197,78.0,2,5;11,2026-07-06
4198,22.0,1,5,2026-07-06
4202,60.0,2,3;9,2026-07-06
4203,120.0,2,3;9,2026-07-06
4204,81.0,2,3;9,2026-07-06
4205,79.0,2,3;9,2026-07-06
4206,140.0,2,3;9,2026-07-06
4208,110.0,2,3;9,2026-07-06
4212,82.0,2,3;9,2026-07-06
4216,130.0,2,3;9,2026-07-06
4218,40.0,1,3,2026-07-06
4220,54.0,2,3;9,2026-07-06
4221,220.0,2,6;12,2026-07-06
4222,10.0,1,3,2026-07-06
4224,85.0,1,3,2026-07-06
4228,17.0,2,3;9,2026-07-06
4229,100.0,2,3;9,2026-07-06
4231,38.0,2,3;9,2026-07-06
4234,18.0,2,3;9,2026-07-06
4235,35.0,1,12,2026-07-06
4237,6.0,1,3,2026-07-06
4238,10.0,1,1,2026-07-06
423A,15.0,2,3;9,2026-07-06
4240,5.0,1,3,2026-07-06
4241,10.0,1,3,2026-07-06
4242,60.0,2,3;9,2026-07-06
4243,20.0,1,9,2026-07-06
4245,24.0,2,6;12,2026-07-06
4246,57.0,2,3;9,2026-07-06
4247,42.0,2,3;9,2026-07-06
4248,38.0,2,6;12,2026-07-06
4249,125.0,2,3;9,2026-07-06
4251,50.0,1,12,2026-07-06
4259,5.0,1,3,2026-07-06
4262,64.0,2,3;9,2026-07-06
4270,25.0,1,2,2026-07-06
4272,66.0,2,3;9,2026-07-06
4274,13.0,1,3,2026-07-06
4275,42.0,1,3,2026-07-06
4284,14.0,1,12,2026-07-06
4286,31.0,1,12,2026-07-06
4287,13.0,1,1,2026-07-06
4288,5.0,1,3,2026-07-06
428A,10.0,1,8,2026-07-06
4290,28.0,2,3;9,2026-07-06
4293,18.0,1,12,2026-07-06
4299,51.0,2,3;9,2026-07-06
429A,70.0,2,3;9,2026-07-06
4301,64.0,2,3;9,2026-07-06
4307,84.0,2,3;9,2026-07-06
4308,14.0,1,3,2026-07-06
4310,106.0,1,3,2026-07-06
4317,15.0,1,2,2026-07-06
4318,38.0,2,3;9,2026-07-06
4320,24.0,1,9,2026-07-06
4323,50.0,2,3;9,2026-07-06
4324,139.5,2,6;12,2026-07-07
4326,48.0,2,6;12,2026-07-06
4331,40.0,2,6;12,2026-07-06
4334,10.0,1,1,2026-07-06
4335,38.0,1,6,2026-07-06
4337,30.0,1,3,2026-07-06
4341,45.0,2,3;9,2026-07-06
4343,20.0,2,2;8,2026-07-06
4344,0.41,1,3,2026-07-07
4345,30.0,2,3;9,2026-07-06
4346,20.0,1,9,2026-07-06
4347,65.0,1,3,2026-07-06
4350,12.0,2,3;9,2026-07-06
4351,10.0,1,12,2026-07-06
4356,40.0,1,12,2026-07-06
4360,15.0,2,3;9,2026-07-06
4361,60.0,1,11,2026-07-06
4362,104.0,2,3;9,2026-07-06
4365,400.0,1,3,2026-07-07
4366,9.0,1,3,2026-07-06
4367,100.0,2,3;9,2026-07-06
4368,28.0,2,3;9,2026-07-06
4369,35.0,1,1,2026-07-06
4371,21.0,1,12,2026-07-06
4372,20.0,1,12,2026-07-06
4373,24.0,1,3,2026-07-06
4374,31.0,1,12,2026-07-06
4377,34.0,1,12,2026-07-06
4380,13.0,1,1,2026-07-06
4386,33.0,2,3;9,2026-07-06
4388,3.0,1,3,2026-07-07
4389,32.0,1,3,2026-07-06
4390,40.0,2,3;9,2026-07-06
4391,18.0,1,6,2026-07-06
4392,10.0,1,12,2026-07-06
4394,21.0,1,11,2026-07-06
4395,10.0,2,6;12,2026-07-06
4396,60.0,2,6;12,2026-07-06
4398,16.0,2,6;12,2026-07-06
4401,120.0,2,3;9,2026-07-06
4403,70.0,2,3;9,2026-07-06
4404,70.0,1,12,2026-07-06
4406,4.5,1,3,2026-07-06
4409,22.0,1,3,2026-07-06
4410,42.0,2,3;9,2026-07-06
4412,1.0,1,8,2026-07-06
4413,10.1,1,2,2026-07-06
4415,21.16,1,12,2026-07-06
4417,49.11,2,3;9,2026-07-06
441A,70.0,1,4,2026-07-07
4420,5.5,2,6;12,2026-07-06
4421,28.0,1,9,2026-07-06
4427,30.0,1,9,2026-07-07
4428,17.0,2,6;12,2026-07-06
4430,57.0,1,5,2026-07-06
4431,29.0,1,4,2026-07-06
4432,108.0,2,2;8,2026-07-06
4433,37.5,2,2;8,2026-07-06
4434,30.0,2,2;8,2026-07-06
4436,26.0,1,3,2026-07-07
4437,5.0,1,3,2026-07-06
4439,11.0,2,2;8,2026-07-06
4440,18.0,1,8,2026-07-06
4441,20.0,1,10,2026-07-06
4442,4.0,1,3,2026-07-06
4447,10.0,1,9,2026-07-06
4450,26.0,2,6;12,2026-07-06
4452,117.0,2,6;12,2026-07-06
4461,150.0,2,3;9,2026-07-06
4462,48.0,2,3;9,2026-07-06
4463,70.0,2,6;12,2026-07-06
4464,68.0,2,3;9,2026-07-06
4465,76.0,2,5;11,2026-07-06
446A,33.0,1,1,2026-07-06
4471,175.0,2,3;9,2026-07-06
4475,6.0,2,3;9,2026-07-06
4477,5.0,1,12,2026-07-06
4481,186.0,2,6;12,2026-07-06
4482,18.0,2,6;12,2026-07-06
4483,18.0,1,3,2026-07-07
4484,3.0,1,3,2026-07-06
4486,16.0,1,12,2026-07-06
4491,60.0,1,3,2026-07-06
4492,12.5,2,3;9,2026-07-06
4493,6.0,1,12,2026-07-06
4495,34.0,2,6;12,2026-07-06
4496,42.0,2,3;9,2026-07-06
4498,14.0,1,3,2026-07-06
4502,204.0,2,3;9,2026-07-06
4503,80.0,2,3;9,2026-07-06
4506,28.0,2,3;9,2026-07-07
4507,76.0,2,3;9,2026-07-06
4512,3.5,1,3,2026-07-06
4516,124.0,2,3;9,2026-07-06
4519,250.0,2,6;12,2026-07-06
4521,190.0,2,3;9,2026-07-06
4523,160.0,2,3;9,2026-07-06
4524,65.0,1,3,2026-07-06
4526,110.0,2,3;9,2026-07-06
4527,50.0,2,3;9,2026-07-06
4528,80.0,2,3;9,2026-07-06
4531,10.0,1,3,2026-07-06
4534,85.0,2,3;9,2026-07-06
4536,42.0,2,3;9,2026-07-06
4538,90.0,2,3;9,2026-07-06
4539,50.0,1,3,2026-07-06
4540,158.0,2,3;9,2026-07-06
4543,36.0,2,3;9,2026-07-06
4544,125.0,2,3;9,2026-07-06
4547,170.0,2,3;9,2026-07-06
4548,30.0,2,3;9,2026-07-06
4549,58.0,2,3;9,2026-07-06
4552,20.0,2,3;9,2026-07-06
4553,85.0,2,3;9,2026-07-06
4554,47.0,2,3;9,2026-07-06
4558,5.0,2,3;9,2026-07-06
4559,50.0,2,3;9,2026-07-06
4568,100.0,2,3;9,2026-07-06
4569,25.0,2,3;9,2026-07-06
4570,7.5,1,3,2026-07-06
4574,3.5,1,12,2026-07-06
4577,40.0,2,5;11,2026-07-06
4578,140.0,2,6;12,2026-07-06
4587,1.5,1,6,2026-07-07
4595,100.0,2,6;12,2026-07-06
4611,58.0,1,3,2026-07-06
4612,17.0,2,6;12,2026-07-06
4613,110.0,2,3;9,2026-07-06
4615,2.5,1,3,2026-07-07
4616,45.0,1,11,2026-07-06
4617,100.0,2,3;9,2026-07-06
4619,130.0,2,3;9,2026-07-06
4620,18.0,2,3;9,2026-07-06
4623,60.0,2,3;9,2026-07-06
4624,50.0,2,3;9,2026-07-06
4625,20.0,1,3,2026-07-06
4626,290.0,2,3;9,2026-07-06
4627,54.0,2,4;10,2026-07-06
4628,180.0,1,3,2026-07-06
4629,45.0,1,3,2026-07-06
4631,140.0,2,6;12,2026-07-06
4633,100.0,2,6;12,2026-07-06
4634,120.0,2,6;12,2026-07-06
4635,65.0,2,3;9,2026-07-06
463A,24.0,1,5,2026-07-06
4641,108.0,2,6;12,2026-07-06
4642,40.0,1,12,2026-07-06
4644,60.0,2,3;9,2026-07-06
4645,10.0,1,2,2026-07-06
4650,1.56,1,3,2026-07-07
4651,3.0,1,3,2026-07-06
4657,8.0,1,6,2026-07-06
4658,57.0,2,3;9,2026-07-06
4661,16.0,2,3;9,2026-07-06
4662,68.0,2,3;9,2026-07-06
4664,24.0,2,3;9,2026-07-06
4665,125.0,2,3;9,2026-07-06
4666,65.0,1,10,2026-07-06
4667,37.0,1,3,2026-07-06
4668,28.0,2,2;8,2026-07-06
4671,128.0,2,3;9,2026-07-06
4673,80.0,2,5;11,2026-07-06
4674,70.0,2,3;9,2026-07-06
4676,200.0,2,3;9,2026-07-06
4678,10.0,1,3,2026-07-06
4679,22.0,1,3,2026-07-07
4680,18.0,2,3;9,2026-07-06
4681,36.0,2,3;9,2026-07-06
4684,94.0,2,3;9,2026-07-06
4685,100.0,2,3;9,2026-07-06
4686,24.0,2,3;9,2026-07-06
4687,34.0,1,3,2026-07-06
4689,11.0,1,3,2026-07-06
4691,45.0,1,3,2026-07-06
4694,125.0,2,3;9,2026-07-06
4704,125.0,1,12,2026-07-07
4705,40.0,1,3,2026-07-06
4707,7.0,1,10,2026-07-06
4709,50.0,2,3;9,2026-07-06
4712,11.0,1,12,2026-07-06
4714,10.0,1,2,2026-07-06
4716,91.0,1,5,2026-07-06
4718,75.0,2,3;9,2026-07-06
4719,140.0,2,3;9,2026-07-06
471A,76.0,2,6;12,2026-07-06
4720,5.0,1,3,2026-07-06
4722,48.0,2,6;12,2026-07-06
4725,100.0,2,6;12,2026-07-06
4728,25.0,2,2;8,2026-07-06
4732,55.0,2,3;9,2026-07-06
4733,130.0,2,3;9,2026-07-06
4735,7.81,1,2,2026-07-06
4736,10.0,1,3,2026-07-06
4743,80.0,2,3;9,2026-07-06
4746,173.0,2,6;12,2026-07-06
4750,22.0,2,4;10,2026-07-06
4751,19.0,1,9,2026-07-06
4752,61.0,1,3,2026-07-06
4754,37.0,1,9,2026-07-06
4755,4.5,1,12,2026-07-07
4760,60.0,1,8,2026-07-06
4761,62.0,2,3;9,2026-07-06
4762,70.0,2,3;9,2026-07-06
4763,50.0,1,2,2026-07-06
4765,13.75,1,3,2026-07-07
4766,5.2,1,12,2026-07-06
4767,15.0,2,6;12,2026-07-06
4768,95.0,2,6;12,2026-07-06
4769,40.0,1,9,2026-07-06
4771,60.0,2,3;9,2026-07-06
4772,1.0,1,12,2026-07-06
4776,50.0,1,12,2026-07-06
4783,120.0,2,3;9,2026-07-06
4784,6.9,1,12,2026-07-07
4792,77.0,2,3;9,2026-07-06
4800,36.0,1,3,2026-07-06
4801,40.0,2,3;9,2026-07-06
4809,70.0,1,9,2026-07-06
4811,20.0,1,12,2026-07-06
4812,45.0,2,6;12,2026-07-06
4813,3.0,1,1,2026-07-07
4816,44.0,1,3,2026-07-06
4819,47.0,1,3,2026-07-06
4820,32.0,2,6;12,2026-07-06
4825,90.0,2,5;11,2026-07-06
4826,16.0,2,6;12,2026-07-06
4828,42.0,2,3;9,2026-07-06
4829,3.0,1,5,2026-07-06
4832,70.0,2,3;9,2026-07-06
4838,30.0,1,3,2026-07-06
4839,30.0,1,3,2026-07-06
483A,90.0,2,3;9,2026-07-06
4840,6.0,1,12,2026-07-06
4845,17.0,2,6;12,2026-07-06
4847,37.0,2,6;12,2026-07-06
4848,64.0,2,6;12,2026-07-06
4849,68.3,1,3,2026-07-06
4880,5.0,1,10,2026-07-07
4885,25.0,2,5;11,2026-07-06
4886,65.0,2,3;9,2026-07-06
4887,56.0,2,3;9,2026-07-06
4901,75.0,2,3;9,2026-07-06
4902,18.0,2,3;9,2026-07-06
4911,60.0,2,6;12,2026-07-06
4912,34.0,2,6;12,2026-07-06
4914,52.0,2,3;9,2026-07-06
4918,15.0,1,3,2026-07-06
4919,88.0,2,6;12,2026-07-06
4920,30.0,1,2,2026-07-06
4922,150.0,2,6;12,2026-07-06
4923,20.0,1,3,2026-07-06
4925,40.0,1,3,2026-07-06
4926,20.0,2,3;9,2026-07-06
4927,52.0,2,6;12,2026-07-06
4928,230.0,1,9,2026-07-06
4929,12.0,1,3,2026-07-06
4931,57.0,1,9,2026-07-06
4932,65.0,1,3,2026-07-06
4933,15.0,2,6;12,2026-07-06
4935,2.0,1,12,2026-07-06
4936,10.0,2,1;7,2026-07-06
4951,46.0,2,3;9,2026-07-06
4956,38.0,2,3;9,2026-07-06
4958,100.0,2,3;9,2026-07-06
4960,5.0,1,3,2026-07-06
4966,290.0,1,3,2026-07-06
4967,106.0,2,6;12,2026-07-06
4968,55.0,2,3;9,2026-07-06
4970,50.0,2,3;9,2026-07-06
4971,96.0,2,6;12,2026-07-06
4972,63.0,1,3,2026-07-06
4973,230.0,2,3;9,2026-07-06
4975,180.0,2,3;9,2026-07-06
4976,100.0,2,6;12,2026-07-06
4977,40.0,2,3;9,2026-07-06
4979,60.0,2,6;12,2026-07-06
4980,64.0,2,3;9,2026-07-06
4985,130.0,1,12,2026-07-06
4990,6.0,2,3;9,2026-07-06
4992,54.0,2,5;11,2026-07-06
4994,70.0,2,3;9,2026-07-06
4996,24.0,2,4;10,2026-07-06
4997,38.0,2,3;9,2026-07-06
4998,24.0,1,3,2026-07-06
500A,76.0,1,4,2026-07-06
5010,5.0,2,6;12,2026-07-07
5011,85.0,2,3;9,2026-07-06
5013,40.0,1,3,2026-07-06
5015,50.0,2,6;12,2026-07-06
5016,20.0,2,3;9,2026-07-06
5018,55.0,2,2;8,2026-07-06
5019,36.0,2,3;9,2026-07-06
5020,34.0,2,3;9,2026-07-06
5021,165.0,2,3;9,2026-07-06
5027,2.0,1,12,2026-07-06
5032,62.0,2,4;10,2026-07-06
5035,3.0,1,12,2026-07-06
5036,45.0,2,3;9,2026-07-06
5038,21.0,1,12,2026-07-06
505A,30.0,1,5,2026-07-06
5071,59.0,1,3,2026-07-06
5074,5.8,1,6,2026-07-06
5076,100.0,2,3;9,2026-07-06
5078,160.0,1,2,2026-07-06
5079,120.0,2,4;10,2026-07-06
5101,172.0,2,6;12,2026-07-06
5105,135.0,2,6;12,2026-07-06
5108,125.0,2,6;12,2026-07-06
5110,84.0,2,6;12,2026-07-06
5121,86.0,2,3;9,2026-07-06
5122,120.0,2,3;9,2026-07-06
5133,5.0,1,3,2026-07-06
5139,78000.0,1,12,2026-07-07
5142,30.0,1,3,2026-07-06
5161,184.0,2,3;9,2026-07-06
5162,24.0,2,3;9,2026-07-06
5184,190.0,2,6;12,2026-07-06
5185,100.0,2,3;9,2026-07-06
5186,170.0,2,3;9,2026-07-06
5187,47.0,2,6;12,2026-07-06
5189,50.0,1,3,2026-07-06
5192,191.0,2,3;9,2026-07-06
5194,10.0,1,3,2026-07-06
5195,100.0,2,3;9,2026-07-06
5199,83.0,1,3,2026-07-06
5201,210.0,2,6;12,2026-07-06
5202,20.0,1,3,2026-07-07
5204,72.0,1,3,2026-07-06
5208,98.0,2,3;9,2026-07-06
5210,150.0,2,3;9,2026-07-06
5214,160.0,2,6;12,2026-07-06
5218,25.0,1,10,2026-07-06
5232,120.0,2,3;9,2026-07-06
5233,120.0,2,3;9,2026-07-06
5237,43.0,1,3,2026-07-06
5244,2.93,1,3,2026-07-06
5250,21.0,1,11,2026-07-06
5252,7.0,1,3,2026-07-06
5257,105.0,1,12,2026-07-06
5261,120.0,1,3,2026-07-06
5262,26.0,2,3;9,2026-07-06
5268,17.0,1,3,2026-07-06
5269,10.0,2,3;9,2026-07-06
5271,85.0,2,2;8,2026-07-06
5273,43.5,2,3;9,2026-07-06
5279,45.0,1,3,2026-07-06
5280,90.0,1,3,2026-07-06
5282,10.0,2,3;9,2026-07-06
5283,70.0,1,6,2026-07-06
5284,112.0,1,3,2026-07-06
5285,60.0,1,3,2026-07-06
5287,20.0,1,3,2026-07-06
5288,70.0,2,3;9,2026-07-06
5290,40.0,1,3,2026-07-06
5301,30.0,2,6;12,2026-07-06
5302,200.0,2,6;12,2026-07-06
5304,100.0,2,3;9,2026-07-06
5310,145.0,1,12,2026-07-06
5331,100.0,2,3;9,2026-07-06
5332,120.0,2,3;9,2026-07-06
5333,106.0,2,3;9,2026-07-06
5334,210.0,2,3;9,2026-07-06
5344,110.0,2,3;9,2026-07-06
5351,90.0,2,3;9,2026-07-07
5355,20.0,1,3,2026-07-06
5356,52.0,2,3;9,2026-07-06
5357,90.0,2,3;9,2026-07-06
5363,30.6,2,3;9,2026-07-06
5367,23.0,2,3;9,2026-07-06
5368,40.0,1,3,2026-07-06
5380,37.5,1,6,2026-07-06
5381,10.0,1,3,2026-07-06
5384,77.0,2,3;9,2026-07-06
5388,40.0,2,3;9,2026-07-06
5391,70.0,2,3;9,2026-07-06
5393,65.0,2,3;9,2026-07-06
5401,24.0,2,3;9,2026-07-06
5406,80.0,2,3;9,2026-07-06
5408,20.0,2,3;9,2026-07-06
5410,100.0,2,3;9,2026-07-06
5411,70.0,2,3;9,2026-07-07
5423,40.0,2,3;9,2026-07-06
5440,70.0,2,3;9,2026-07-06
5444,400.0,2,3;9,2026-07-06
5445,100.0,2,3;9,2026-07-06
5446,30.0,2,3;9,2026-07-06
5449,34.0,2,3;9,2026-07-06
5451,53.0,2,3;9,2026-07-06
5458,45.0,1,3,2026-07-06
5461,113.0,2,3;9,2026-07-06
5463,52.0,2,3;9,2026-07-06
5464,34.0,2,3;9,2026-07-06
546A,96.0,2,3;9,2026-07-06
5471,52.0,2,3;9,2026-07-06
547A,20.0,1,3,2026-07-06
5480,220.0,2,3;9,2026-07-06
5482,150.0,2,3;9,2026-07-06
5484,35.0,2,3;9,2026-07-06
548A,44.48,1,3,2026-07-06
5491,5.0,1,3,2026-07-06
549A,21.43,1,3,2026-07-06
550A,70.0,1,3,2026-07-06
5527,25.0,1,11,2026-07-06
5533,70.0,1,9,2026-07-06
5535,9.0,2,3;9,2026-07-06
5541,130.0,2,3;9,2026-07-06
5542,25.0,2,6;12,2026-07-06
5563,13.0,2,6;12,2026-07-06
5570,7.0,1,9,2026-07-06
5571,32.7,1,3,2026-07-06
5572,0.24,1,12,2026-07-07
5576,125.0,2,3;9,2026-07-06
5578,7.0,1,8,2026-07-06
5582,20000.0,1,6,2026-07-07
5588,3.9,1,12,2026-07-06
5589,67.0,1,12,2026-07-06
5592,40.0,1,3,2026-07-06
5599,17.0,1,3,2026-07-06
559A,20.95,1,6,2026-07-06
5602,60.0,2,3;9,2026-07-06
5603,40.0,1,3,2026-07-06
5609,25.0,1,3,2026-07-06
5612,25.0,1,3,2026-07-07
5621,35.0,1,3,2026-07-06
5631,92.0,2,3;9,2026-07-06
5632,104.0,2,3;9,2026-07-06
5644,140.0,2,3;9,2026-07-07
5658,10.0,2,3;9,2026-07-06
5659,46.0,2,3;9,2026-07-06
5660,45.0,2,3;9,2026-07-06
5695,100.0,2,3;9,2026-07-06
5697,30.0,1,3,2026-07-06
5698,15.0,1,6,2026-07-06
5699,32.0,1,12,2026-07-06
5702,70.0,2,3;9,2026-07-06
5703,100.0,2,3;9,2026-07-06
5704,20000.0,1,4,2026-07-07
5706,280.0,2,3;9,2026-07-06
5707,50.0,1,3,2026-07-07
5711,116.0,2,3;9,2026-07-06
5713,207.0,2,3;9,2026-07-06
5714,338.0,1,3,2026-07-06
5715,80.0,2,3;9,2026-07-06
5724,12.0,2,3;9,2026-07-06
5726,13.0,1,3,2026-07-06
5729,90.0,2,3;9,2026-07-07
5741,58.0,2,3;9,2026-07-06
5742,41.0,2,3;9,2026-07-06
5753,15.0,2,3;9,2026-07-06
5757,100.0,2,3;9,2026-07-06
5801,22.0,2,3;9,2026-07-06
5802,39.0,2,3;9,2026-07-06
5803,38.0,2,3;9,2026-07-06
5805,250.0,2,3;9,2026-07-06
5816,70.0,2,6;12,2026-07-06
5817,15.0,1,2,2026-07-06
5819,66.0,2,6;12,2026-07-06
5820,17.0,1,3,2026-07-06
5821,53.0,2,3;9,2026-07-06
5830,80.0,2,3;9,2026-07-06
5831,98.0,2,3;9,2026-07-06
5832,102.0,2,3;9,2026-07-06
5834,115.0,2,3;9,2026-07-06
5842,34.0,2,6;12,2026-07-06
5843,22.0,1,9,2026-07-06
5844,105.0,2,3;9,2026-07-06
5845,48.0,1,3,2026-07-06
5851,104.0,2,6;12,2026-07-06
5852,34.0,2,3;9,2026-07-06
5857,135.0,2,3;9,2026-07-06
5858,20.0,1,3,2026-07-06
5867,50.0,1,12,2026-07-06
5868,40.0,1,12,2026-07-06
5869,60.0,2,3;9,2026-07-06
5870,30.0,1,3,2026-07-06
5871,55.0,1,12,2026-07-06
5885,29.0,1,5,2026-07-06
5888,73.0,1,1,2026-07-06
5889,86.0,2,1;7,2026-07-06
5891,23.0,1,12,2026-07-06
5900,25.0,1,2,2026-07-06
5901,186.0,2,3;9,2026-07-06
5902,100.0,2,3;9,2026-07-06
5903,42.0,1,6,2026-07-06
5905,20.0,1,3,2026-07-06
5906,18.0,1,3,2026-07-06
5909,28.0,2,3;9,2026-07-06
5911,130.0,2,3;9,2026-07-06
5915,70.0,2,3;9,2026-07-06
5918,100.0,2,3;9,2026-07-06
5921,140.0,1,9,2026-07-06
5922,450.0,1,3,2026-07-06
5923,50.0,2,3;9,2026-07-06
5928,8.0,2,3;9,2026-07-06
5929,146.0,2,3;9,2026-07-06
5930,74.0,2,3;9,2026-07-06
5932,25.0,2,5;11,2026-07-06
5933,45.0,2,3;9,2026-07-06
5936,43.0,1,3,2026-07-06
5938,90.0,2,3;9,2026-07-06
5939,30.0,1,3,2026-07-06
5940,30.0,1,3,2026-07-06
5941,100.0,1,3,2026-07-06
5942,28.0,2,5;11,2026-07-06
5943,94.0,2,6;12,2026-07-06
5945,83.0,1,3,2026-07-06
5946,46.0,2,6;12,2026-07-06
5947,106.0,2,3;9,2026-07-06
5949,70.0,2,3;9,2026-07-06
5950,2.5,1,12,2026-07-06
5951,28.0,1,3,2026-07-06
5952,5.0,1,3,2026-07-06
5955,1.0,1,3,2026-07-06
5956,13.0,2,3;9,2026-07-06
5957,24.0,2,6;12,2026-07-06
5958,210.0,2,3;9,2026-07-06
5959,42.0,2,6;12,2026-07-06
5962,50.0,1,3,2026-07-06
5965,40.0,2,6;12,2026-07-06
5966,80.0,2,3;9,2026-07-06
5967,9.0,1,5,2026-07-06
5969,30.0,1,3,2026-07-06
5970,98.0,2,3;9,2026-07-06
5971,80.0,1,4,2026-07-06
5973,18.0,2,3;9,2026-07-06
5974,23.0,1,3,2026-07-06
5975,100.0,2,3;9,2026-07-06
5976,71.0,2,3;9,2026-07-06
5981,70.0,2,3;9,2026-07-06
5982,125.0,2,2;8,2026-07-06
5983,330.0,2,3;9,2026-07-06
5984,23.0,2,3;9,2026-07-06
5985,30.0,2,3;9,2026-07-06
5986,6.0,1,3,2026-07-06
5987,20.0,1,6,2026-07-06
5988,92.0,2,3;9,2026-07-06
5989,70.0,2,3;9,2026-07-06
5990,60.0,2,3;9,2026-07-06
5991,66.0,2,3;9,2026-07-06
5992,90.0,2,3;9,2026-07-06
5994,25.0,2,3;9,2026-07-06
5997,20.0,1,12,2026-07-06
5998,50.0,1,3,2026-07-06
6005,74.0,2,3;9,2026-07-06
6013,108.0,2,3;9,2026-07-06
6016,100.0,2,3;9,2026-07-06
6018,91.0,2,3;9,2026-07-06
6022,30.0,1,3,2026-07-06
6023,69.0,2,3;9,2026-07-06
6029,3.5,1,12,2026-07-07
6030,22.0,1,6,2026-07-06
6031,4.5,1,12,2026-07-06
6033,68.0,1,3,2026-07-06
6035,113.0,2,3;9,2026-07-06
6036,60.0,1,6,2026-07-06
6037,13.0,2,1;7,2026-07-06
6038,22.0,1,6,2026-07-06
6039,13.0,1,3,2026-07-06
6040,5.0,2,1;7,2026-07-06
6042,120.0,1,3,2026-07-06
6044,28.0,1,5,2026-07-06
6045,25.0,2,3;9,2026-07-06
6047,18.3,1,5,2026-07-06
6050,38.0,1,9,2026-07-06
6055,35.0,1,3,2026-07-06
6058,36.0,1,2,2026-07-06
6059,10.0,2,3;9,2026-07-06
6061,13.0,1,6,2026-07-06
6062,34.0,1,6,2026-07-06
6063,10.0,1,12,2026-07-06
6069,36.0,1,3,2026-07-06
6070,120.0,1,3,2026-07-06
6071,13.0,1,12,2026-07-06
6072,1.0,1,3,2026-07-07
6073,62.0,2,3;9,2026-07-06
6074,21.0,2,3;9,2026-07-06
6078,27.0,2,6;12,2026-07-06
6080,68.34,1,9,2026-07-06
6082,15.0,1,3,2026-07-06
6083,70.0,2,5;11,2026-07-06
6086,22.0,1,2,2026-07-06
6087,102.0,1,9,2026-07-06
6088,26.0,1,3,2026-07-06
6089,44.0,1,3,2026-07-06
6090,18.0,1,6,2026-07-06
6091,28.0,1,7,2026-07-06
6092,24.0,1,3,2026-07-06
6093,6.0,2,2;8,2026-07-06
6096,8.0,1,3,2026-07-06
6098,26.0,2,3;9,2026-07-06
6099,16.0,1,12,2026-07-06
6101,98.0,2,3;9,2026-07-06
6103,100.0,2,3;9,2026-07-06
6104,140.0,2,3;9,2026-07-06
6113,64.0,2,3;9,2026-07-06
6118,39.0,1,3,2026-07-06
6125,160.0,2,3;9,2026-07-06
6134,190.0,2,3;9,2026-07-06
6135,340.0,2,3;9,2026-07-06
6136,84.0,2,5;11,2026-07-06
6137,50.0,1,3,2026-07-06
6138,35.0,1,3,2026-07-06
6140,34.0,2,3;9,2026-07-06
6141,105.0,2,6;12,2026-07-06
6143,35.0,2,6;12,2026-07-06
6144,90.0,2,3;9,2026-07-06
6145,82.0,2,3;9,2026-07-06
6146,109.0,1,3,2026-07-06
6147,10.0,1,3,2026-07-06
6149,70.0,1,12,2026-07-06
6150,80.0,1,5,2026-07-06
6151,32.0,2,3;9,2026-07-06
6155,10.0,2,3;9,2026-07-06
6156,100.0,1,6,2026-07-06
6157,30.0,2,3;9,2026-07-06
6158,38.0,2,3;9,2026-07-06
6159,12.0,1,8,2026-07-06
6161,31.0,1,3,2026-07-06
6165,20.0,2,3;9,2026-07-06
6166,10.0,1,3,2026-07-07
6167,40.0,1,3,2026-07-06
6171,12.0,2,6;12,2026-07-06
6176,15.0,1,9,2026-07-06
6178,60.0,2,3;9,2026-07-06
6180,210.0,1,12,2026-07-06
6182,7.0,1,2,2026-07-07
6183,60.0,2,2;8,2026-07-06
6184,20.0,1,1,2026-07-06
6186,15.0,2,3;9,2026-07-06
6189,40.0,2,3;9,2026-07-06
6191,13.0,1,9,2026-07-06
6193,15.0,1,3,2026-07-06
6194,33.0,1,9,2026-07-06
6195,8.4,2,3;9,2026-07-06
6196,180.0,1,9,2026-07-06
6197,22.0,2,3;9,2026-07-06
6198,6.25,1,9,2026-07-07
6199,17.4,1,8,2026-07-06
6200,29.5,1,9,2026-07-06
6203,20.0,1,3,2026-07-06
6208,20.0,1,3,2026-07-06
6209,210.0,2,3;9,2026-07-06
6217,15.0,1,11,2026-07-07
6218,12.0,1,3,2026-07-06
6222,20.0,2,3;9,2026-07-06
6223,70.0,1,12,2026-07-06
6224,34.0,2,2;8,2026-07-06
6226,38.0,2,3;9,2026-07-06
6227,50.0,1,6,2026-07-06
6228,7.0,1,12,2026-07-06
6229,50.0,1,3,2026-07-06
6230,75.0,2,3;9,2026-07-06
6231,200.0,1,3,2026-07-06
6233,10.0,1,9,2026-07-06
6235,56.0,2,6;12,2026-07-06
6237,92.0,2,3;9,2026-07-06
6238,40.0,1,3,2026-07-06
6239,35.0,1,6,2026-07-06
6240,20.0,2,3;9,2026-07-06
6245,84.0,2,3;9,2026-07-06
6246,92.0,2,3;9,2026-07-06
6247,55.0,2,3;9,2026-07-06
6248,60.0,2,3;9,2026-07-06
6249,100.0,2,3;9,2026-07-06
6250,110.0,2,6;12,2026-07-06
6254,85.0,2,3;9,2026-07-06
6255,10.0,1,8,2026-07-06
6257,55.0,2,3;9,2026-07-06
6258,75.0,1,3,2026-07-06
6262,15.0,1,3,2026-07-06
6264,56.0,2,2;8,2026-07-06
6265,50.0,2,6;12,2026-07-06
6266,34.0,1,12,2026-07-06
6267,120.0,2,1;7,2026-07-06
6268,82.0,2,6;12,2026-07-06
6269,200.0,2,6;12,2026-07-06
6272,60.0,2,3;9,2026-07-06
6273,1000.0,2,3;9,2026-07-06
6276,10.0,1,12,2026-07-06
6277,130.0,2,3;9,2026-07-06
6278,130.0,2,6;12,2026-07-06
6279,20.0,2,2;8,2026-07-06
6282,95.0,2,3;9,2026-07-06
6284,200.0,1,9,2026-07-06
6286,28.0,2,3;9,2026-07-06
6287,80.0,2,3;9,2026-07-06
6289,54.0,2,2;8,2026-07-06
6291,55.0,1,12,2026-07-06
6292,38.0,2,3;9,2026-07-06
6294,76.0,2,3;9,2026-07-06
6298,45.0,2,3;9,2026-07-06
6301,190.0,2,3;9,2026-07-06
6302,145.0,2,6;12,2026-07-06
6305,190.0,2,3;9,2026-07-06
6306,42.0,2,3;9,2026-07-06
6307,15.0,1,3,2026-07-06
6309,72.0,2,4;10,2026-07-06
6310,45.0,1,12,2026-07-06
6315,24.0,1,3,2026-07-06
6316,75.0,1,9,2026-07-06
6317,64.0,2,3;9,2026-07-06
6322,54.0,2,3;9,2026-07-06
6323,20.0,1,2,2026-07-06
6324,20.0,2,3;9,2026-07-06
6325,10.0,2,3;9,2026-07-06
6326,52.0,2,6;12,2026-07-06
6327,14.0,1,6,2026-07-06
6328,75.0,2,6;12,2026-07-06
6330,25.0,1,3,2026-07-06
6331,120.0,2,3;9,2026-07-06
6332,88.0,2,3;9,2026-07-06
6333,132.0,2,3;9,2026-07-06
6334,6.0,1,3,2026-07-06
6335,11.0,1,3,2026-07-07
6336,36.0,1,1,2026-07-06
6337,100.0,2,3;9,2026-07-06
6338,40.0,1,9,2026-07-06
6339,48.0,2,3;9,2026-07-06
6340,95.0,2,6;12,2026-07-06
6342,100.0,2,3;9,2026-07-06
6343,0.6,1,3,2026-07-06
6345,65.0,2,3;9,2026-07-06
6346,120.0,2,3;9,2026-07-06
6347,6.0,1,3,2026-07-06
6349,75.0,2,3;9,2026-07-06
6351,36.0,2,3;9,2026-07-06
6356,10.0,2,3;9,2026-07-06
6357,95.0,2,3;9,2026-07-06
6358,110.0,2,3;9,2026-07-06
6360,100.0,1,3,2026-07-06
6361,66.0,2,6;12,2026-07-06
6363,64.0,2,3;9,2026-07-06
6364,72.0,2,3;9,2026-07-06
6365,190.0,2,3;9,2026-07-06
6366,7.5,1,3,2026-07-07
6367,360.0,2,3;9,2026-07-06
6368,132.0,2,3;9,2026-07-06
6369,105.0,2,3;9,2026-07-06
6370,134.0,2,3;9,2026-07-06
6371,80.0,2,3;9,2026-07-06
6376,50.0,2,6;12,2026-07-06
6378,41.0,1,3,2026-07-06
6379,117.0,2,3;9,2026-07-06
6380,20.0,2,3;9,2026-07-06
6381,93.0,2,3;9,2026-07-06
6382,61.0,2,3;9,2026-07-06
6383,82.0,2,6;12,2026-07-06
6384,70.0,1,3,2026-07-06
6387,60.0,1,7,2026-07-06
6390,70.0,2,3;9,2026-07-06
6391,70.0,1,3,2026-07-06
6392,220.0,2,3;9,2026-07-06
6393,150.0,2,3;9,2026-07-06
6395,34.0,2,6;12,2026-07-06
6396,50.0,1,3,2026-07-06
6400,7.0,1,12,2026-07-06
6402,45.0,1,3,2026-07-06
6405,35.0,2,3;9,2026-07-06
6407,71.0,2,3;9,2026-07-07
6408,100.0,1,3,2026-07-06
6412,80.0,2,3;9,2026-07-06
6413,50.0,1,3,2026-07-06
6417,150.0,2,3;9,2026-07-07
6418,40.0,2,3;9,2026-07-06
6419,150.0,2,3;9,2026-07-06
6420,89.0,1,3,2026-07-06
6424,23.0,1,3,2026-07-06
6425,40.0,1,12,2026-07-07
6428,12.0,1,3,2026-07-06
6430,100.0,2,3;9,2026-07-06
6432,220.0,2,2;8,2026-07-06
6433,2.0,1,3,2026-07-06
6436,180.0,2,3;9,2026-07-06
6440,15.0,1,12,2026-07-06
6444,20.0,1,3,2026-07-07
6445,60.0,2,3;9,2026-07-06
6448,100.0,2,3;9,2026-07-06
6454,40.0,1,3,2026-07-06
6455,64.0,2,3;9,2026-07-06
6457,154.0,2,3;9,2026-07-06
6458,50.0,2,3;9,2026-07-06
6459,60.0,2,6;12,2026-07-06
6460,55.0,2,3;9,2026-07-06
6463,56.0,2,3;9,2026-07-06
6464,81.0,2,6;12,2026-07-07
6465,115.0,2,6;12,2026-07-06
6466,40.0,2,3;9,2026-07-06
6467,6.0,2,3;9,2026-07-06
6469,20.0,1,2,2026-07-06
6470,30.0,1,3,2026-07-06
6471,34.0,2,3;9,2026-07-06
6472,13.0,2,3;9,2026-07-06
6473,70.0,2,3;9,2026-07-06
6474,100.0,1,11,2026-07-06
6479,60.0,2,3;9,2026-07-06
6480,32.0,2,3;9,2026-07-06
6481,184.0,2,6;12,2026-07-06
6482,20.0,2,3;9,2026-07-06
6484,85.0,2,3;9,2026-07-06
6485,60.0,2,3;9,2026-07-06
6486,70.0,1,3,2026-07-06
6488,36.0,1,3,2026-07-06
6490,105.0,2,3;9,2026-07-07
6492,50.0,2,3;9,2026-07-06
6493,20.0,2,3;9,2026-07-06
6494,1.0,1,3,2026-07-07
6495,2.0,1,3,2026-07-06
6496,110.0,2,5;11,2026-07-06
6497,45.0,2,6;12,2026-07-06
6498,59.0,2,6;12,2026-07-06
6501,28.0,1,3,2026-07-06
6503,60.0,2,3;9,2026-07-06
6504,107.0,1,3,2026-07-06
6505,75.0,1,5,2026-07-06
6506,72.0,2,2;8,2026-07-06
6507,161.0,1,3,2026-07-06
6508,136.0,2,3;9,2026-07-06
6513,40.0,2,3;9,2026-07-06
6516,170.0,2,3;9,2026-07-06
6517,120.0,2,3;9,2026-07-06
6518,25.0,1,3,2026-07-06
6523,42.0,2,3;9,2026-07-06
6524,40.0,2,6;12,2026-07-06
6525,47.0,2,3;9,2026-07-06
6526,50.0,2,3;9,2026-07-06
6532,130.0,2,2;8,2026-07-06
6533,13.0,1,12,2026-07-06
6535,27.0,1,7,2026-07-06
6537,8.0,1,12,2026-07-07
6538,5.0,1,3,2026-07-06
6539,56.0,1,3,2026-07-06
6540,78.0,1,12,2026-07-06
6543,33.0,2,2;8,2026-07-06
6544,19.0,1,3,2026-07-07
6545,25.0,1,3,2026-07-06
6546,34.0,2,6;12,2026-07-06
6547,40.0,1,6,2026-07-06
6549,42.0,2,3;9,2026-07-06
6551,20.0,1,9,2026-07-06
6554,50.0,1,9,2026-07-06
6555,18.0,2,2;8,2026-07-07
6560,40.0,1,12,2026-07-06
6561,42.0,1,12,2026-07-06
6564,20.0,1,3,2026-07-06
6566,29.0,1,3,2026-07-07
6568,33.0,2,3;9,2026-07-06
6570,40.0,2,3;9,2026-07-06
6571,40.0,1,6,2026-07-06
6572,6.5,1,2,2026-07-06
6574,1.0,1,3,2026-07-06
6577,20.0,1,7,2026-07-06
6578,9.0,1,2,2026-07-06
6580,19.0,1,3,2026-07-06
6584,6.0,2,3;9,2026-07-06
6586,79.0,1,3,2026-07-06
6588,40.0,2,3;9,2026-07-06
6590,64.0,1,3,2026-07-06
6592,56.0,2,6;12,2026-07-06
6594,42.5,2,3;9,2026-07-06
6597,32.0,1,6,2026-07-06
6599,58.0,1,3,2026-07-06
6614,15.0,1,3,2026-07-06
6615,10.0,2,3;9,2026-07-06
6616,56.0,2,3;9,2026-07-06
6617,134.0,2,3;9,2026-07-06
6619,2.5,1,12,2026-07-07
6622,210.0,2,3;9,2026-07-06
6625,18.0,1,3,2026-07-06
6626,56.0,1,3,2026-07-06
6627,17.0,1,12,2026-07-07
6629,33.0,1,3,2026-07-06
6630,9.0,2,6;12,2026-07-06
6632,20.0,2,3;9,2026-07-06
6633,10.0,1,12,2026-07-06
6635,16.0,2,6;12,2026-07-06
6637,56.0,2,3;9,2026-07-06
6638,55.0,2,3;9,2026-07-06
6643,130.0,2,3;9,2026-07-06
6644,49.0,2,3;9,2026-07-06
6645,42.0,1,3,2026-07-07
6647,60.0,1,3,2026-07-06
6648,66.0,2,3;9,2026-07-06
6651,154.0,2,3;9,2026-07-06
6652,130.0,2,3;9,2026-07-06
6653,55.0,2,6;12,2026-07-06
6654,32.0,2,1;7,2026-07-06
6656,3.0,1,4,2026-07-07
6658,20.0,1,3,2026-07-06
6662,3.0,1,6,2026-07-07
6663,3.0,1,12,2026-07-06
6664,5.0,1,11,2026-07-07
6666,10.0,2,3;9,2026-07-06
6668,24.0,2,2;8,2026-07-06
6674,98.0,2,3;9,2026-07-06
6675,125.0,2,3;9,2026-07-06
6676,60.0,2,3;9,2026-07-06
6677,152.0,1,9,2026-07-06
6678,93.0,1,3,2026-07-06
6694,32.0,1,12,2026-07-06
6699,25.0,2,3;9,2026-07-06
6701,40.0,2,3;9,2026-07-06
6702,55.0,2,3;9,2026-07-06
6703,65.0,1,3,2026-07-06
6706,105.0,2,3;9,2026-07-06
6707,30.0,2,3;9,2026-07-07
6718,130.0,2,3;9,2026-07-06
6723,28.0,1,12,2026-07-07
6724,80.0,2,3;9,2026-07-06
6727,24.0,2,3;9,2026-07-06
6728,164.0,1,6,2026-07-06
6730,41.0,1,3,2026-07-06
6736,20.0,1,3,2026-07-06
6737,115.0,2,3;9,2026-07-06
6741,56.0,2,3;9,2026-07-06
6742,27.0,2,3;9,2026-07-06
6743,36.0,1,3,2026-07-06
6744,116.0,2,3;9,2026-07-06
6745,40.0,2,3;9,2026-07-06
6748,20.0,1,12,2026-07-06
6750,58.0,2,3;9,2026-07-06
6752,54.0,2,3;9,2026-07-06
6753,40.0,1,3,2026-07-07
6754,50.0,2,3;9,2026-07-06
6757,40.0,1,1,2026-07-06
6758,35.0,2,3;9,2026-07-06
6762,40.0,2,3;9,2026-07-06
6763,125.0,2,3;9,2026-07-06
6768,16.0,2,3;9,2026-07-06
6769,15.0,1,12,2026-07-06
6770,64.0,2,3;9,2026-07-06
6771,15.0,1,3,2026-07-06
6772,160.0,1,3,2026-07-06
6776,5.0,1,3,2026-07-06
6777,230.0,2,3;9,2026-07-06
6778,20.0,1,7,2026-07-06
6779,30.0,2,3;9,2026-07-06
6785,88.0,2,6;12,2026-07-06
6787,160.0,2,3;9,2026-07-06
6788,130.0,1,3,2026-07-06
6794,115.0,2,3;9,2026-07-06
6797,50.0,1,3,2026-07-06
6798,100.0,2,3;9,2026-07-06
6800,64.0,2,3;9,2026-07-06
6803,1.0,1,3,2026-07-06
6804,77.0,2,3;9,2026-07-06
6806,520.0,2,3;9,2026-07-06
6807,50.0,2,3;9,2026-07-06
6809,85.0,2,3;9,2026-07-06
6810,56.0,2,3;9,2026-07-06
6814,160.0,2,2;8,2026-07-06
6817,53.0,2,6;12,2026-07-06
6819,20.0,1,3,2026-07-06
6820,87.0,2,3;9,2026-07-06
6822,80.0,2,3;9,2026-07-06
6823,90.0,2,3;9,2026-07-06
6824,95.0,1,3,2026-07-06
6832,54.0,2,3;9,2026-07-06
6834,120.0,2,3;9,2026-07-06
6835,9.0,2,6;12,2026-07-06
6837,9.0,1,3,2026-07-06
6838,5.0,1,10,2026-07-06
6841,92.0,2,3;9,2026-07-06
6844,100.0,1,3,2026-07-06
6845,50.0,2,3;9,2026-07-06
6848,22.0,1,3,2026-07-06
6849,33.0,2,3;9,2026-07-06
6850,60.0,2,3;9,2026-07-06
6853,21.0,2,6;12,2026-07-06
6855,80.0,2,3;9,2026-07-06
6856,490.0,2,6;12,2026-07-06
6857,20.0,2,3;9,2026-07-06
6858,30.0,2,6;12,2026-07-06
6859,115.0,2,3;9,2026-07-06
6861,350.0,2,3;9,2026-07-06
6862,30.0,2,3;9,2026-07-06
6863,105.0,2,3;9,2026-07-06
6864,36.0,1,3,2026-07-06
6866,200.0,2,6;12,2026-07-06
6867,15.0,1,3,2026-07-06
6869,40.0,2,3;9,2026-07-06
6870,78.0,2,6;12,2026-07-06
6871,72.0,1,12,2026-07-07
6874,90.0,1,6,2026-07-06
6875,260.0,1,3,2026-07-06
6877,150.0,2,3;9,2026-07-06
6882,40.0,2,3;9,2026-07-06
6888,25.0,1,6,2026-07-06
6890,200.0,1,12,2026-07-06
6894,90.0,1,3,2026-07-06
6897,13.0,2,2;8,2026-07-06
6899,80.0,1,3,2026-07-06
6902,74.0,2,3;9,2026-07-06
6904,10.0,1,3,2026-07-06
6905,60.0,2,5;11,2026-07-06
6907,30.0,2,3;9,2026-07-07
6908,110.0,1,3,2026-07-06
6912,59.0,1,3,2026-07-06
6914,65.0,2,6;12,2026-07-06
6915,160.0,1,12,2026-07-06
6918,106.0,2,3;9,2026-07-06
6919,80.0,2,3;9,2026-07-06
6920,329.0,2,6;12,2026-07-06
6923,111.0,2,3;9,2026-07-06
6925,70.0,1,3,2026-07-06
6926,4.0,1,3,2026-07-07
6927,59.0,1,3,2026-07-06
6928,77.0,2,3;9,2026-07-06
6929,165.0,1,12,2026-07-06
6932,88.0,2,3;9,2026-07-06
6941,150.0,2,3;9,2026-07-06
6943,100.0,2,3;9,2026-07-06
6946,15.0,1,3,2026-07-06
6947,150.0,2,3;9,2026-07-06
6951,132.0,2,3;9,2026-07-06
6952,40.0,2,3;9,2026-07-06
6954,107.09,2,3;9,2026-07-06
6958,20.0,1,3,2026-07-06
6960,230.0,2,3;9,2026-07-06
6961,90.0,2,3;9,2026-07-06
6962,28.0,2,3;9,2026-07-06
6963,50.0,2,3;9,2026-07-07
6964,20.0,1,3,2026-07-06
6965,38.0,2,3;9,2026-07-06
6966,19.0,2,1;7,2026-07-06
6969,15.0,1,3,2026-07-06
6971,56.0,2,3;9,2026-07-06
6976,90.0,2,3;9,2026-07-06
6977,30.0,2,6;12,2026-07-06
6981,70.0,2,3;9,2026-07-06
6982,12.0,1,3,2026-07-06
6986,10.0,1,3,2026-07-06
6988,64.0,2,3;9,2026-07-06
6989,95.0,2,3;9,2026-07-06
6994,24.0,2,3;9,2026-07-06
6995,120.0,2,3;9,2026-07-06
6996,39.0,2,3;9,2026-07-06
6997,25.0,1,3,2026-07-06
6998,60.0,2,3;9,2026-07-06
6999,39.0,2,3;9,2026-07-06
7003,60.0,2,3;9,2026-07-06
7004,38.0,1,3,2026-07-06
7011,29.0,2,3;9,2026-07-06
7012,40.0,2,3;9,2026-07-06
7013,23.0,2,3;9,2026-07-06
7014,60.0,2,3;9,2026-07-06
7018,40.0,1,3,2026-07-06
7021,30.0,2,3;9,2026-07-06
7022,7.5,1,3,2026-07-06
7030,38.0,2,3;9,2026-07-06
7033,50.0,1,12,2026-07-06
7036,17.0,1,12,2026-07-06
7037,10.0,1,12,2026-07-06
7038,50.0,1,12,2026-07-07
7039,95.0,2,6;12,2026-07-06
7040,35.0,2,3;9,2026-07-06
7042,22.0,1,3,2026-07-06
7043,11.0,1,12,2026-07-06
7044,5.0,1,12,2026-07-06
7046,10.0,1,3,2026-07-06
7047,13.0,1,3,2026-07-06
7050,73.0,1,4,2026-07-06
7057,33.0,1,3,2026-07-06
7058,90.0,1,3,2026-07-06
7059,45.0,2,3;9,2026-07-06
7060,32.0,2,3;9,2026-07-06
7061,25.0,1,12,2026-07-06
7062,10.57,1,3,2026-07-06
7065,35.0,1,8,2026-07-06
7066,16.0,1,9,2026-07-07
7067,10.0,1,3,2026-07-06
7068,20.0,2,5;11,2026-07-06
7071,4.0,1,9,2026-07-06
7073,55.0,1,1,2026-07-06
7075,11.0,1,3,2026-07-06
7079,100.0,1,3,2026-07-06
7080,23.0,1,12,2026-07-06
7081,37.0,2,6;12,2026-07-06
7083,12.0,1,11,2026-07-06
7084,95.0,2,3;9,2026-07-06
7085,25.0,2,2;8,2026-07-06
7087,43.0,2,3;9,2026-07-06
7091,5.0,1,3,2026-07-06
7094,22.0,2,3;9,2026-07-06
7095,55.0,1,4,2026-07-06
7096,25.0,1,3,2026-07-07
7097,28.0,2,1;7,2026-07-06
7102,50.0,2,3;9,2026-07-06
7110,20.0,1,7,2026-07-06
7115,37.0,1,12,2026-07-06
7119,40.0,2,3;9,2026-07-06
7120,44.0,1,3,2026-07-06
7122,50.0,1,3,2026-07-06
7126,19.0,1,7,2026-07-07
7128,101.0,2,6;12,2026-07-06
7129,30.0,2,3;9,2026-07-06
7130,80.0,1,3,2026-07-06
7131,96.0,1,10,2026-07-06
7133,20.0,1,3,2026-07-06
7134,42.5,1,3,2026-07-06
7135,3.0,1,6,2026-07-06
7148,125.4,2,3;9,2026-07-06
7150,10.0,2,3;9,2026-07-06
7161,5.0,1,3,2026-07-06
7162,3.0,1,3,2026-07-07
7164,123.0,2,3;9,2026-07-06
7167,40.0,2,3;9,2026-07-06
7172,108.0,2,6;12,2026-07-06
7173,30.0,2,3;9,2026-07-06
7175,73.0,2,3;9,2026-07-06
7177,57.58,2,6;12,2026-07-06
7180,38.0,2,3;9,2026-07-06
7181,50.0,2,3;9,2026-07-06
7182,93.0,1,3,2026-07-06
7183,3.0,1,3,2026-07-06
7184,75.0,2,3;9,2026-07-06
7185,39.0,1,3,2026-07-06
7186,47.0,2,3;9,2026-07-06
7187,60.0,2,3;9,2026-07-06
7189,140.0,2,3;9,2026-07-06
7191,49.5,2,3;9,2026-07-06
7192,30.0,1,3,2026-07-06
7196,20.0,1,1,2026-07-06
7198,40.0,2,3;9,2026-07-06
7199,64.0,2,3;9,2026-07-06
7201,5.0,1,3,2026-07-07
7202,94.0,2,3;9,2026-07-06
7203,100.0,2,3;9,2026-07-06
7208,41.0,2,3;9,2026-07-06
7211,10.0,2,3;9,2026-07-06
7212,20.0,2,3;9,2026-07-06
7213,26.0,1,3,2026-07-06
7214,47.0,2,3;9,2026-07-06
7215,29.0,1,3,2026-07-07
7217,18.0,1,3,2026-07-06
7218,34.0,2,3;9,2026-07-06
7219,65.0,1,8,2026-07-06
7220,40.0,2,3;9,2026-07-06
7222,13.0,2,3;9,2026-07-06
7224,58.0,2,3;9,2026-07-06
7226,120.0,2,3;9,2026-07-06
7228,150.0,1,12,2026-07-06
7231,135.0,2,3;9,2026-07-06
7235,77.0,2,3;9,2026-07-06
7236,800.0,2,3;9,2026-07-06
7238,10.0,2,3;9,2026-07-07
7239,115.0,2,3;9,2026-07-06
7240,140.0,2,3;9,2026-07-06
7241,45.0,2,3;9,2026-07-06
7242,108.0,2,3;9,2026-07-06
7244,18.0,2,6;12,2026-07-06
7245,36.0,2,3;9,2026-07-06
7246,44.0,2,3;9,2026-07-06
7247,15.0,2,3;9,2026-07-06
7254,20.0,2,3;9,2026-07-06
7255,7.0,1,3,2026-07-06
7256,36.0,2,3;9,2026-07-07
7259,75.0,2,3;9,2026-07-06
7261,55.0,2,3;9,2026-07-06
7264,47.0,2,3;9,2026-07-06
7265,110.0,1,10,2026-07-06
7266,32.0,2,3;9,2026-07-06
7267,70.0,2,3;9,2026-07-06
7269,51.0,2,3;9,2026-07-06
7270,116.0,2,3;9,2026-07-06
7271,38.0,2,3;9,2026-07-06
7272,50.0,2,6;12,2026-07-06
7273,3.0,1,3,2026-07-06
7276,58.0,2,3;9,2026-07-06
7277,8.0,2,3;9,2026-07-06
7278,350.0,2,3;9,2026-07-06
7279,80.0,2,4;10,2026-07-06
7280,30.0,1,3,2026-07-06
7282,103.0,2,3;9,2026-07-06
7283,80.0,2,3;9,2026-07-06
7284,50.0,2,3;9,2026-07-06
7287,90.0,2,3;9,2026-07-06
7291,25.0,2,3;9,2026-07-06
7292,240.0,2,3;9,2026-07-06
7294,33.0,2,3;9,2026-07-06
7296,160.0,2,3;9,2026-07-06
7297,30.0,2,3;9,2026-07-06
7299,54.0,2,3;9,2026-07-06
7305,150.0,2,3;9,2026-07-06
7309,363.0,2,6;12,2026-07-06
7313,92.0,2,3;9,2026-07-06
7314,40.0,1,12,2026-07-06
7317,10.0,1,3,2026-07-06
7320,20.0,2,6;12,2026-07-06
7322,44.0,2,3;9,2026-07-06
7325,20.0,1,6,2026-07-06
7326,59.0,1,3,2026-07-06
7327,76.0,2,3;9,2026-07-06
7337,70.0,2,3;9,2026-07-06
7343,70.0,2,3;9,2026-07-06
7345,5.5,1,3,2026-07-07
7347,22.0,1,12,2026-07-06
7350,200.0,2,3;9,2026-07-06
7351,10.0,1,8,2026-07-06
7352,0.5,1,8,2026-07-06
7354,9.5,1,12,2026-07-06
7357,25.0,2,2;8,2026-07-06
7358,47.0,1,12,2026-07-06
7359,30.0,1,12,2026-07-07
7361,44.0,1,9,2026-07-06
7366,15.0,1,3,2026-07-06
7367,15.5,2,3;9,2026-07-06
7368,65.0,2,3;9,2026-07-06
7370,36.8,2,5;11,2026-07-06
7371,13.0,1,6,2026-07-06
7373,30.0,1,8,2026-07-06
7374,85.0,2,3;9,2026-07-06
7377,75.0,1,6,2026-07-06
7378,40.33,1,10,2026-07-06
7380,50.0,2,3;9,2026-07-06
7381,30.0,2,3;9,2026-07-06
7384,100.0,2,3;9,2026-07-06
7388,94.0,2,5;11,2026-07-06
7389,30.0,2,3;9,2026-07-06
7399,20.0,2,3;9,2026-07-06
7412,2.0,1,3,2026-07-06
7413,20.0,1,3,2026-07-06
7414,69.0,2,3;9,2026-07-06
7416,15.5,1,3,2026-07-06
7417,65.0,2,3;9,2026-07-06
7419,20.0,2,3;9,2026-07-06
7421,20.0,1,3,2026-07-06
7422,11.4,2,6;12,2026-07-06
7425,80.0,1,12,2026-07-06
7426,30.0,1,3,2026-07-06
7427,30.0,2,2;8,2026-07-06
7433,220.0,2,3;9,2026-07-06
7434,37.0,1,5,2026-07-06
7435,40.0,2,4;10,2026-07-06
7438,58.0,2,3;9,2026-07-06
7442,12.0,1,3,2026-07-06
7443,8.0,2,3;9,2026-07-06
7444,60.0,1,3,2026-07-06
7446,105.0,1,9,2026-07-06
7447,60.0,1,8,2026-07-06
7453,28.0,2,2;8,2026-07-06
7456,110.0,2,3;9,2026-07-06
7458,68.0,2,3;9,2026-07-06
7459,68.0,2,3;9,2026-07-06
7460,180.0,2,3;9,2026-07-06
7461,14.0,1,3,2026-07-06
7462,10.0,2,3;9,2026-07-06
7463,40.0,2,3;9,2026-07-06
7464,60.0,1,3,2026-07-06
7466,41.0,2,3;9,2026-07-06
7472,120.0,1,3,2026-07-06
7475,70.0,2,3;9,2026-07-06
7476,66.0,2,3;9,2026-07-06
7477,30.0,2,3;9,2026-07-06
7480,105.0,2,3;9,2026-07-06
7481,104.0,2,3;9,2026-07-06
7482,59.0,2,3;9,2026-07-06
7483,110.0,2,3;9,2026-07-06
7486,24.0,1,3,2026-07-06
7487,25.0,1,5,2026-07-06
7490,21.0,2,3;9,2026-07-06
7494,10.0,2,3;9,2026-07-06
7500,240.0,1,6,2026-07-06
7501,12.0,1,11,2026-07-06
7502,25.0,1,3,2026-07-06
7504,120.0,2,3;9,2026-07-06
7505,57.0,2,3;9,2026-07-06
7506,25.0,2,3;9,2026-07-06
7508,70.0,2,3;9,2026-07-06
7509,160.0,2,3;9,2026-07-06
7510,80.0,2,3;9,2026-07-06
7512,16.0,1,2,2026-07-06
7513,22.0,1,8,2026-07-06
7514,26.0,2,2;8,2026-07-06
7515,30.0,1,2,2026-07-06
7516,140.0,2,2;8,2026-07-06
7520,70.0,1,2,2026-07-06
7521,36.0,2,3;9,2026-07-06
7522,7.5,1,3,2026-07-06
7523,60.0,2,3;9,2026-07-06
7524,10.0,2,3;9,2026-07-06
7525,162.0,2,3;9,2026-07-06
7527,2.0,1,9,2026-07-07
7531,22.0,1,12,2026-07-06
7532,8.5,2,6;12,2026-07-06
7537,77.0,2,3;9,2026-07-06
7538,7.0,1,3,2026-07-06
7539,26.0,2,3;9,2026-07-06
7544,18.0,2,2;8,2026-07-06
7545,32.0,2,2;8,2026-07-06
7550,80.0,2,3;9,2026-07-06
7551,22.0,2,3;9,2026-07-06
7552,15.0,1,3,2026-07-06
7554,15.0,2,3;9,2026-07-06
7555,12.0,1,3,2026-07-06
7561,30.0,2,3;9,2026-07-06
7562,15.0,1,3,2026-07-06
7564,89.0,1,3,2026-07-06
7565,200.0,2,3;9,2026-07-06
7567,13.0,1,3,2026-07-06
7570,52.0,2,3;9,2026-07-06
7571,1.5,1,3,2026-07-06
7575,56.0,1,3,2026-07-06
7578,2.0,1,3,2026-07-07
7581,30.0,1,8,2026-07-06
7585,6.0,1,6,2026-07-07
7590,5.0,1,1,2026-07-06
7593,24.0,2,3;9,2026-07-06
7595,65.0,2,3;9,2026-07-06
7596,52.0,2,3;9,2026-07-06
7599,42.43,2,2;8,2026-07-06
7600,17.0,1,3,2026-07-06
7601,5.0,1,2,2026-07-07
7602,2.0,1,3,2026-07-06
7603,10.0,1,2,2026-07-07
7604,10.0,2,4;10,2026-07-06
7606,92.0,2,3;9,2026-07-06
7607,124.0,2,2;8,2026-07-06
7608,24.0,2,2;8,2026-07-06
7609,95.0,2,6;12,2026-07-06
7610,4.0,1,2,2026-07-06
7611,52.0,2,2;8,2026-07-06
7613,50.0,2,6;12,2026-07-06
7614,36.0,1,1,2026-07-06
7615,1.5,1,3,2026-07-06
7616,5.0,1,3,2026-07-06
7619,31.0,2,3;9,2026-07-06
7621,15.0,1,3,2026-07-06
7624,4.0,1,2,2026-07-06
7625,5.0,1,12,2026-07-06
7628,45.0,2,3;9,2026-07-06
7630,16.0,2,2;8,2026-07-06
7634,90.0,2,3;9,2026-07-06
7636,30.0,1,6,2026-07-06
7637,128.0,2,3;9,2026-07-06
7638,80.0,1,3,2026-07-06
7640,6.0,2,4;10,2026-07-07
7643,40.0,2,3;9,2026-07-06
7646,95.0,2,3;9,2026-07-06
7649,25.0,2,2;8,2026-07-06
7670,45.0,2,3;9,2026-07-06
7673,63.0,1,5,2026-07-06
7674,10.0,1,1,2026-07-07
7677,25.0,1,3,2026-07-06
7678,20.0,2,3;9,2026-07-07
7679,30.0,1,2,2026-07-06
7681,17.0,1,9,2026-07-06
7682,17.0,1,7,2026-07-06
7683,17.0,2,1;7,2026-07-06
7685,17.5,1,12,2026-07-06
7686,20.0,2,3;9,2026-07-06
7687,9.1,2,3;9,2026-07-06
7692,2.6,2,1;7,2026-07-06
7698,21.0,2,3;9,2026-07-06
7701,70.0,2,3;9,2026-07-06
7702,17.0,2,3;9,2026-07-06
7707,7.5,1,6,2026-07-07
7711,50.0,2,3;9,2026-07-06
7713,42.0,2,5;11,2026-07-06
7715,60.0,2,3;9,2026-07-06
7716,60.0,2,6;12,2026-07-06
7717,80.0,2,3;9,2026-07-06
7721,48.0,1,3,2026-07-06
7722,40.0,2,3;9,2026-07-06
7723,120.0,2,3;9,2026-07-06
7725,10.0,1,5,2026-07-06
7726,20.0,2,3;9,2026-07-06
7727,28.0,2,3;9,2026-07-06
7729,276.0,2,3;9,2026-07-06
7730,41.0,2,2;8,2026-07-06
7731,20.0,2,3;9,2026-07-06
7733,30.0,1,3,2026-07-06
7734,60.0,2,3;9,2026-07-06
7735,175.0,2,3;9,2026-07-06
7740,37.0,2,6;12,2026-07-06
7741,295.0,2,3;9,2026-07-06
7743,15.0,1,3,2026-07-06
7744,75.0,2,6;12,2026-07-06
7745,60.0,2,3;9,2026-07-06
7747,30.91,1,6,2026-07-06
7749,100.0,2,3;9,2026-07-06
7751,160.0,2,6;12,2026-07-06
7752,44.0,2,3;9,2026-07-06
7760,30.0,1,9,2026-07-06
7762,50.0,2,3;9,2026-07-06
7769,167.6,2,3;9,2026-07-06
7775,20.0,2,3;9,2026-07-06
7780,28.0,1,3,2026-07-06
7781,51.0,2,6;12,2026-07-06
7782,16.0,1,12,2026-07-06
7791,37.0,2,3;9,2026-07-06
7792,44.0,1,9,2026-07-06
7793,35.0,1,12,2026-07-06
7795,8.0,2,3;9,2026-07-06
7800,26.0,1,9,2026-07-06
7803,2.5,1,6,2026-07-06
7804,87.0,1,10,2026-07-06
7805,13.0,1,8,2026-07-06
7806,30.0,1,9,2026-07-06
7807,13.0,1,2,2026-07-06
7808,80.0,1,5,2026-07-06
7809,45.0,1,6,2026-07-06
7810,0.35,1,7,2026-07-06
7811,74.0,2,2;8,2026-07-06
7812,82.0,2,6;12,2026-07-06
7813,24.0,1,6,2026-07-06
7814,15.0,2,6;12,2026-07-06
7815,10.0,1,3,2026-07-07
7818,30.0,1,8,2026-07-06
7819,30.0,2,3;9,2026-07-06
7820,36.0,2,3;9,2026-07-06
7821,28.0,2,6;12,2026-07-06
7822,10.0,2,3;9,2026-07-06
7823,28.0,2,3;9,2026-07-06
7826,60.0,1,6,2026-07-06
7827,62.0,1,10,2026-07-06
7831,2.0,1,10,2026-07-06
7832,25.0,1,3,2026-07-06
7833,30.0,1,12,2026-07-06
7837,35.0,2,3;9,2026-07-07
7839,60.0,1,9,2026-07-06
7840,42.0,2,3;9,2026-07-06
7841,40.0,1,12,2026-07-06
7844,15.0,1,3,2026-07-06
7846,84.0,2,6;12,2026-07-06
7847,30.0,2,2;8,2026-07-06
7849,130.0,2,6;12,2026-07-06
7850,20.0,2,1;7,2026-07-06
7851,3.0,1,3,2026-07-07
7856,75.0,2,4;10,2026-07-06
7857,26.0,2,3;9,2026-07-06
7859,2.5,1,3,2026-07-07
7860,50.0,2,3;9,2026-07-06
7863,40.0,1,3,2026-07-06
7864,87.0,2,3;9,2026-07-06
7865,48.0,1,1,2026-07-07
7867,70.0,2,3;9,2026-07-06
7868,13.34,2,3;9,2026-07-06
7871,26.0,2,3;9,2026-07-06
7872,27.0,1,3,2026-07-06
7874,28.0,2,3;9,2026-07-06
7875,23.5,2,3;9,2026-07-06
7877,70.0,1,3,2026-07-06
7878,30.0,1,1,2026-07-06
7879,30.0,2,5;11,2026-07-06
7883,9.0,2,3;9,2026-07-06
7885,20.0,1,3,2026-07-06
7886,1.0,1,3,2026-07-07
7887,40.0,1,3,2026-07-06
7888,28.0,2,5;11,2026-07-06
7893,44.0,2,3;9,2026-07-06
7896,20.0,2,3;9,2026-07-06
7897,2.0,1,3,2026-07-06
7898,24.0,2,3;9,2026-07-06
7901,100.0,1,4,2026-07-07
7902,13.0,1,3,2026-07-06
7906,28.0,2,3;9,2026-07-06
7908,7.0,2,3;9,2026-07-06
7911,58.0,2,3;9,2026-07-06
7912,41.0,2,3;9,2026-07-06
7914,80.0,2,3;9,2026-07-06
7915,50.0,2,6;12,2026-07-06
7916,50.0,1,3,2026-07-06
7917,36.0,2,3;9,2026-07-06
7918,5.0,1,3,2026-07-07
7919,7.5,2,3;9,2026-07-06
7921,120.0,2,5;11,2026-07-06
7927,117.0,2,3;9,2026-07-06
7928,10.0,2,2;8,2026-07-06
7931,130.0,2,3;9,2026-07-06
7932,701.0,1,3,2026-07-06
7936,38.0,2,6;12,2026-07-06
7937,115.0,2,3;9,2026-07-06
7938,75.0,1,3,2026-07-06
7939,23.0,1,3,2026-07-06
7940,30.0,2,3;9,2026-07-06
7942,100.0,2,3;9,2026-07-06
7943,114.0,2,3;9,2026-07-06
7944,170.0,2,6;12,2026-07-06
7946,11.0,1,3,2026-07-06
7947,61.5,2,3;9,2026-07-06
7949,135.0,2,3;9,2026-07-06
7951,26.0,2,3;9,2026-07-06
7952,95.0,1,3,2026-07-06
7953,17.0,2,3;9,2026-07-06
7955,33.0,2,3;9,2026-07-06
7956,76.0,2,6;12,2026-07-06
7957,64.0,1,12,2026-07-06
7962,14.0,2,6;12,2026-07-06
7963,35.0,1,12,2026-07-06
7965,46.0,2,5;11,2026-07-06
7966,120.0,2,3;9,2026-07-06
7970,44.0,2,3;9,2026-07-06
7971,34.0,2,3;9,2026-07-06
7972,90.0,1,12,2026-07-06
7974,96.0,1,3,2026-07-07
7975,25.0,1,2,2026-07-06
7976,55.0,2,6;12,2026-07-06
7979,61.0,2,3;9,2026-07-06
7980,15.0,1,3,2026-07-06
7981,124.0,2,3;9,2026-07-06
7983,10.0,2,4;10,2026-07-06
7984,24.5,2,6;12,2026-07-06
7985,9.0,1,3,2026-07-06
7986,30.0,1,12,2026-07-06
7987,22.0,2,3;9,2026-07-06
7988,84.0,2,3;9,2026-07-06
7989,120.0,2,6;12,2026-07-06
7990,100.0,2,3;9,2026-07-06
7991,50.0,1,3,2026-07-06
7994,105.0,2,3;9,2026-07-06
7995,200.0,2,3;9,2026-07-06
7997,40.0,1,11,2026-07-06
8001,44.0,2,3;9,2026-07-06
8002,115.0,2,3;9,2026-07-06
8005,102.0,2,3;9,2026-07-06
8006,33.0,2,3;9,2026-07-06
8007,46.0,2,3;9,2026-07-06
8008,85.0,2,2;8,2026-07-06
8011,97.0,2,2;8,2026-07-06
8012,27.0,2,3;9,2026-07-06
8014,171.0,2,3;9,2026-07-06
8015,125.0,2,3;9,2026-07-06
8016,33.0,2,2;8,2026-07-06
8018,27.0,2,3;9,2026-07-06
8020,70.0,2,3;9,2026-07-06
8022,66.0,2,3;9,2026-07-06
8023,38.0,2,3;9,2026-07-06
8025,30.0,1,3,2026-07-06
8029,100.0,1,12,2026-07-06
8030,120.0,1,3,2026-07-06
8031,140.0,2,3;9,2026-07-06
8032,36.0,2,3;9,2026-07-06
8035,618.0,2,3;9,2026-07-06
8037,130.0,2,3;9,2026-07-06
8039,35.0,1,3,2026-07-06
8040,45.0,1,12,2026-07-06
8041,172.0,1,3,2026-07-06
8043,50.0,2,3;9,2026-07-06
8045,34.0,2,3;9,2026-07-06
8046,38.0,1,3,2026-07-06
8050,90.0,2,3;9,2026-07-06
8051,56.0,2,3;9,2026-07-06
8052,90.0,2,3;9,2026-07-06
8053,40.0,2,3;9,2026-07-06
8056,140.0,2,3;9,2026-07-06
8057,300.0,1,7,2026-07-06
8058,125.0,2,3;9,2026-07-07
8059,125.0,2,3;9,2026-07-06
8060,30.0,1,12,2026-07-07
8061,93.0,2,3;9,2026-07-06
8065,87.0,2,3;9,2026-07-06
8066,88.0,2,3;9,2026-07-06
8070,40.0,2,3;9,2026-07-06
8074,190.0,2,3;9,2026-07-06
8075,130.0,2,3;9,2026-07-06
8076,106.0,2,3;9,2026-07-06
8077,6.0,2,4;10,2026-07-06
8078,66.0,2,3;9,2026-07-06
8079,90.0,2,4;10,2026-07-06
8081,100.0,2,3;9,2026-07-06
8084,150.0,2,3;9,2026-07-06
8085,140.0,1,3,2026-07-06
8086,32.0,2,3;9,2026-07-06
8088,47.0,2,3;9,2026-07-06
8089,79.0,2,3;9,2026-07-06
8091,100.0,2,3;9,2026-07-06
8093,74.0,2,3;9,2026-07-06
8095,18.0,2,5;11,2026-07-06
8097,100.0,2,3;9,2026-07-06
8098,143.0,2,3;9,2026-07-06
8101,106.0,1,3,2026-07-06
8103,47.0,1,3,2026-07-06
8104,30.0,1,3,2026-07-06
8105,0.25,1,3,2026-07-07
8111,70.0,2,3;9,2026-07-06
8113,22.0,2,6;12,2026-07-06
8115,54.0,2,3;9,2026-07-06
8117,63.0,2,3;9,2026-07-06
8118,18.0,1,3,2026-07-06
8119,31.0,2,3;9,2026-07-06
8123,50.0,1,3,2026-07-06
8125,100.0,1,2,2026-07-06
8127,14.0,2,2;8,2026-07-06
8129,180.0,2,3;9,2026-07-06
8130,155.0,2,3;9,2026-07-06
8131,66.0,1,3,2026-07-06
8132,120.0,1,3,2026-07-06
8133,68.0,2,3;9,2026-07-06
8135,18.0,1,3,2026-07-06
8136,16.0,2,3;9,2026-07-06
8137,130.0,2,3;9,2026-07-06
8138,100.0,2,3;9,2026-07-06
8139,15.0,1,3,2026-07-06
8141,24.5,2,3;9,2026-07-06
8142,61.0,2,1;7,2026-07-06
8143,15.0,1,2,2026-07-07
8144,40.0,2,3;9,2026-07-06
8147,25.0,1,3,2026-07-06
8150,140.0,2,3;9,2026-07-06
8151,70.0,2,3;9,2026-07-06
8152,100.0,1,3,2026-07-06
8153,34.0,2,3;9,2026-07-06
8154,140.0,2,3;9,2026-07-06
8157,190.0,2,3;9,2026-07-06
8158,44.0,2,3;9,2026-07-06
8159,120.0,2,3;9,2026-07-06
8160,30.0,2,3;9,2026-07-06
8163,10.0,1,3,2026-07-06
8165,7.0,2,6;12,2026-07-07
8166,2.0,1,2,2026-07-07
8167,40.0,2,2;8,2026-07-06
8173,100.0,2,3;9,2026-07-06
8174,110.0,2,3;9,2026-07-06
8179,17.5,1,12,2026-07-06
8181,15.0,1,2,2026-07-06
8185,54.0,2,2;8,2026-07-06
8194,70.0,2,2;8,2026-07-06
8198,85.0,1,2,2026-07-06
8200,13.0,2,2;8,2026-07-06
8202,4.0,1,12,2026-07-06
8203,29.0,1,2,2026-07-06
8214,90.0,2,3;9,2026-07-06
8217,26.0,2,2;8,2026-07-06
8218,58.0,2,3;9,2026-07-06
8219,38.0,2,3;9,2026-07-06
8225,110.0,1,3,2026-07-06
8226,7.0,1,3,2026-07-06
8227,80.0,2,2;8,2026-07-06
8230,15.0,2,3;9,2026-07-06
8233,40.0,2,2;8,2026-07-06
8237,12.0,2,2;8,2026-07-06
8242,48.0,2,3;9,2026-07-06
8244,20.0,1,2,2026-07-06
8252,134.0,2,3;9,2026-07-06
8253,160.0,1,3,2026-07-06
8254,5.0,1,8,2026-07-07
8255,29.0,2,3;9,2026-07-06
8260,7.0,1,2,2026-07-06
8267,15.0,2,2;8,2026-07-06
8273,30.0,2,2;8,2026-07-06
8275,32.0,1,3,2026-07-06
8276,66.0,2,2;8,2026-07-06
8278,30.0,2,2;8,2026-07-06
8281,35.0,2,3;9,2026-07-06
8282,48.0,2,3;9,2026-07-06
8283,120.0,2,3;9,2026-07-06
8285,13.0,2,3;9,2026-07-06
8291,27.0,2,3;9,2026-07-06
8303,1.0,1,3,2026-07-06
8304,4.0,1,3,2026-07-07
8306,70.0,2,3;9,2026-07-07
8308,37.0,2,3;9,2026-07-06
8309,47.5,2,3;9,2026-07-06
8316,135.0,2,3;9,2026-07-06
8331,64.0,2,3;9,2026-07-06
8334,70.0,2,3;9,2026-07-06
8336,82.0,2,3;9,2026-07-06
8337,20.0,1,3,2026-07-06
8338,5.0,1,3,2026-07-06
8341,104.0,2,3;9,2026-07-06
8343,200.0,2,3;9,2026-07-06
8344,98.0,2,3;9,2026-07-06
8345,58.0,2,3;9,2026-07-06
8346,21.0,2,3;9,2026-07-06
8349,50.0,2,3;9,2026-07-06
8354,210.0,2,3;9,2026-07-06
8358,60.0,2,3;9,2026-07-06
8359,65.0,2,3;9,2026-07-06
8360,163.0,2,3;9,2026-07-06
8361,90.0,2,3;9,2026-07-06
8362,150.0,2,3;9,2026-07-06
8364,60.0,2,3;9,2026-07-06
8365,55.0,2,3;9,2026-07-06
8366,50.0,2,3;9,2026-07-06
8367,56.0,2,3;9,2026-07-06
8368,42.0,2,3;9,2026-07-06
8370,104.0,2,3;9,2026-07-06
8377,150.0,2,3;9,2026-07-06
8381,68.0,2,3;9,2026-07-06
8383,50.0,2,3;9,2026-07-06
8386,70.0,2,3;9,2026-07-06
8387,86.0,2,3;9,2026-07-06
8388,190.0,2,3;9,2026-07-06
8392,50.0,2,3;9,2026-07-06
8393,56.0,2,3;9,2026-07-06
8395,110.0,2,3;9,2026-07-06
8399,98.0,2,3;9,2026-07-06
8410,11.0,2,3;9,2026-07-06
8411,150.0,2,3;9,2026-07-06
8416,25.0,2,3;9,2026-07-06
8418,96.0,2,3;9,2026-07-06
8424,172.0,2,3;9,2026-07-06
8425,52.0,2,3;9,2026-07-06
8439,90.0,2,3;9,2026-07-06
8473,75.0,1,3,2026-07-06
8508,17.0,1,12,2026-07-06
8511,94.0,2,3;9,2026-07-06
8522,200.0,2,3;9,2026-07-06
8524,32.0,2,3;9,2026-07-06
8537,106.0,2,3;9,2026-07-06
8541,48.0,2,3;9,2026-07-06
8542,50.0,2,3;9,2026-07-06
8544,66.0,2,3;9,2026-07-06
8550,30.0,2,3;9,2026-07-06
8551,192.0,2,3;9,2026-07-06
8558,50.0,1,3,2026-07-06
8562,5.0,1,3,2026-07-06
8563,40.0,1,3,2026-07-06
8566,256.0,2,3;9,2026-07-06
8570,53.0,2,2;8,2026-07-06
8572,22.0,2,3;9,2026-07-06
8584,200.0,2,3;9,2026-07-06
8585,40.0,1,3,2026-07-06
8591,120.01,2,3;9,2026-07-07
8593,51.0,2,3;9,2026-07-06
8595,133.0,2,3;9,2026-07-06
8596,62.0,2,3;9,2026-07-06
8600,30.0,2,3;9,2026-07-06
8601,44.0,2,3;9,2026-07-07
8604,51.0,2,3;9,2026-07-06
8609,50.0,1,3,2026-07-06
8613,70.0,2,3;9,2026-07-06
8614,50.0,1,3,2026-07-06
8616,50.0,2,3;9,2026-07-06
8617,10.0,1,3,2026-07-06
8622,43.0,2,3;9,2026-07-06
8624,86.0,2,3;9,2026-07-06
8628,45.0,2,3;9,2026-07-06
8630,200.0,2,3;9,2026-07-06
8697,61.0,2,3;9,2026-07-06
8698,30.4,2,3;9,2026-07-06
8699,10.0,1,3,2026-07-06
8700,100.0,1,3,2026-07-06
8704,45.0,2,3;9,2026-07-06
8705,15.0,2,3;9,2026-07-06
8706,110.0,2,3;9,2026-07-06
8707,225.0,2,3;9,2026-07-06
8708,117.0,2,3;9,2026-07-06
8713,75.0,2,3;9,2026-07-06
8714,27.5,2,3;9,2026-07-06
8715,13.5,1,3,2026-07-06
8725,170.0,2,3;9,2026-07-06
8729,8.0,2,3;9,2026-07-06
8737,30.0,2,3;9,2026-07-06
8739,90.0,1,3,2026-07-06
8742,6.0,1,3,2026-07-06
8746,10.0,1,3,2026-07-06
8747,210.0,1,3,2026-07-06
8750,72.0,2,3;9,2026-07-06
8766,245.0,2,3;9,2026-07-06
8769,19.0,1,3,2026-07-06
8771,84.0,2,3;9,2026-07-06
8772,22.0,1,3,2026-07-06
8783,500.0,1,3,2026-07-07
8789,5.0,1,9,2026-07-06
8793,150.0,2,3;9,2026-07-06
8795,164.0,2,3;9,2026-07-06
8798,35.0,2,3;9,2026-07-07
8801,37.0,2,3;9,2026-07-06
8802,49.0,2,3;9,2026-07-06
8803,103.0,2,3;9,2026-07-06
8804,122.0,2,6;12,2026-07-06
8818,30.0,2,3;9,2026-07-06
8830,52.0,2,3;9,2026-07-06
8835,40.5,1,3,2026-07-06
8841,10.0,2,3;9,2026-07-06
8844,53.0,2,3;9,2026-07-06
8848,15.0,2,3;9,2026-07-06
8850,150.0,2,3;9,2026-07-06
8860,32.0,2,3;9,2026-07-06
8864,42.0,2,3;9,2026-07-06
8869,40.0,1,3,2026-07-06
8871,160.0,2,3;9,2026-07-06
8876,49.0,1,3,2026-07-06
8877,240.0,2,3;9,2026-07-06
8881,37.0,1,3,2026-07-06
8887,12.0,2,5;11,2026-07-06
8891,80.0,2,3;9,2026-07-06
8892,53.0,1,3,2026-07-06
8897,23.0,2,3;9,2026-07-06
8898,53.0,2,3;9,2026-07-06
8904,38.0,2,2;8,2026-07-06
8908,32.0,2,5;11,2026-07-06
8912,3.0,1,6,2026-07-06
8914,26.5,2,6;12,2026-07-06
8917,43.0,2,4;10,2026-07-06
8918,0.1,1,2,2026-07-07
8919,90.0,2,3;9,2026-07-06
8920,10.0,2,3;9,2026-07-06
8923,55.0,1,11,2026-07-06
8927,13.0,2,1;7,2026-07-06
8928,68.0,2,6;12,2026-07-06
8929,58.0,2,6;12,2026-07-06
8931,60.0,2,2;8,2026-07-06
8934,80.0,2,3;9,2026-07-06
8935,80.0,2,3;9,2026-07-06
8938,3.0,1,3,2026-07-06
8944,6.0,1,9,2026-07-06
8945,42.0,2,6;12,2026-07-06
8995,25.0,1,3,2026-07-06
8996,55.0,1,12,2026-07-06
8999,32.0,1,3,2026-07-06
9001,75.0,2,3;9,2026-07-06
9003,70.0,2,3;9,2026-07-06
9005,32.0,2,3;9,2026-07-06
9006,46.0,2,3;9,2026-07-06
9007,60.0,2,3;9,2026-07-06
9008,22.0,2,3;9,2026-07-06
9009,22.0,2,3;9,2026-07-06
9010,33.0,1,3,2026-07-06
9017,10.0,1,3,2026-07-06
9020,84.0,2,3;9,2026-07-06
9021,97.5,2,3;9,2026-07-06
9022,32.0,2,3;9,2026-07-06
9023,44.0,2,3;9,2026-07-06
9024,42.0,2,3;9,2026-07-06
9025,110.0,2,3;9,2026-07-06
9028,140.3,2,6;12,2026-07-06
9029,62.0,1,3,2026-07-06
9031,90.0,2,3;9,2026-07-06
9033,8.0,1,3,2026-07-06
9034,80.0,2,3;9,2026-07-06
9036,20.0,2,3;9,2026-07-06
9037,46.0,2,3;9,2026-07-06
9039,117.0,2,3;9,2026-07-06
9041,70.0,2,3;9,2026-07-06
9042,100.0,2,3;9,2026-07-06
9044,55.0,2,3;9,2026-07-06
9045,86.0,1,3,2026-07-06
9046,25.0,1,3,2026-07-06
9048,60.0,1,3,2026-07-06
9049,20.0,1,3,2026-07-06
9051,15.0,2,3;9,2026-07-06
9052,50.0,2,3;9,2026-07-06
9057,96.0,2,3;9,2026-07-06
9059,26.0,2,3;9,2026-07-06
9060,80.0,2,3;9,2026-07-06
9063,70.0,1,3,2026-07-06
9064,46.0,2,3;9,2026-07-06
9065,156.0,2,3;9,2026-07-06
9068,210.0,2,3;9,2026-07-06
9069,56.0,2,3;9,2026-07-06
9072,112.0,2,3;9,2026-07-06
9073,12.0,1,3,2026-07-06
9074,100.0,2,3;9,2026-07-06
9075,100.0,2,3;9,2026-07-06
9076,104.0,2,3;9,2026-07-06
9081,90.0,2,3;9,2026-07-06
9082,10.0,2,3;9,2026-07-06
9083,45.0,2,3;9,2026-07-06
9087,35.0,1,3,2026-07-06
9090,32.0,2,3;9,2026-07-06
9101,200.0,2,3;9,2026-07-06
9104,205.0,2,3;9,2026-07-06
9107,120.0,2,3;9,2026-07-06
9110,295.0,2,3;9,2026-07-06
9115,5.0,1,3,2026-07-06
9119,46.0,2,3;9,2026-07-06
9127,80.0,2,3;9,2026-07-06
9130,40.0,2,3;9,2026-07-06
9142,121.0,2,3;9,2026-07-06
9143,54.0,2,3;9,2026-07-06
9145,15.0,2,6;12,2026-07-06
9147,100.0,2,6;12,2026-07-06
9163,115.0,2,4;10,2026-07-06
9165,37.0,1,6,2026-07-06
9166,8.0,2,1;7,2026-07-06
9168,21.0,1,2,2026-07-06
9171,30.0,1,3,2026-07-06
9173,10.0,1,12,2026-07-06
9193,50.0,1,3,2026-07-06
9201,96.0,2,3;9,2026-07-06
9202,60.0,2,3;9,2026-07-06
9204,4.0,1,3,2026-07-07
9206,10.0,1,3,2026-07-07
9213,12.0,2,6;12,2026-07-07
9216,77.0,1,5,2026-07-06
9218,10.0,1,12,2026-07-06
9219,53.5,2,6;12,2026-07-06
9220,43.0,2,3;9,2026-07-06
9221,32.0,2,3;9,2026-07-06
9223,2.0,2,3;9,2026-07-06
9229,18.0,2,3;9,2026-07-07
9233,44.0,2,3;9,2026-07-06
9235,2.8,1,7,2026-07-07
9238,7.0,1,2,2026-07-07
9242,25.0,1,7,2026-07-06
9245,42.0,1,12,2026-07-06
9247,50.0,2,3;9,2026-07-06
9248,60.0,1,9,2026-07-06
9249,18.0,2,3;9,2026-07-06
9251,60.0,1,10,2026-07-06
9252,30.0,2,2;8,2026-07-06
9253,8.0,1,2,2026-07-07
9256,16.0,1,3,2026-07-06
9259,30.0,1,9,2026-07-06
9262,18.0,1,7,2026-07-06
9264,75.0,1,8,2026-07-06
9265,70.0,1,5,2026-07-06
9267,13.0,2,6;12,2026-07-06
9268,18.0,2,3;9,2026-07-06
9270,15.0,1,8,2026-07-06
9271,12.0,2,6;12,2026-07-06
9273,17.0,1,6,2026-07-06
9274,40.0,2,3;9,2026-07-06
9278,30.0,1,5,2026-07-06
9279,26.0,2,4;10,2026-07-06
9301,44.0,2,3;9,2026-07-06
9302,50.0,2,3;9,2026-07-06
9303,103.0,2,3;9,2026-07-06
9304,70.0,2,3;9,2026-07-06
9305,85.0,2,3;9,2026-07-06
9306,75.0,2,3;9,2026-07-06
9307,15.0,2,3;9,2026-07-06
9308,34.72,2,3;9,2026-07-06
9310,43.5,2,3;9,2026-07-06
9311,140.0,1,3,2026-07-06
9312,140.0,1,3,2026-07-06
9313,26.0,1,11,2026-07-06
9319,42.0,2,3;9,2026-07-06
9322,132.0,2,3;9,2026-07-06
9324,74.0,2,3;9,2026-07-06
9325,38.0,2,3;9,2026-07-06
9326,10.0,1,2,2026-07-06
9327,3.0,1,3,2026-07-07
9332,25.0,1,3,2026-07-06
9336,55.0,2,3;9,2026-07-06
9339,20.0,1,12,2026-07-06
9340,24.0,2,6;12,2026-07-06
9341,30.0,1,3,2026-07-06
9343,12.0,1,12,2026-07-06
9344,35.0,1,6,2026-07-06
9345,40.0,1,12,2026-07-06
9346,61.0,1,6,2026-07-06
9347,60.0,2,3;9,2026-07-06
9351,80.0,2,3;9,2026-07-06
9353,54.0,1,3,2026-07-06
9355,40.0,1,3,2026-07-06
9360,120.0,1,3,2026-07-06
9361,50.0,2,6;12,2026-07-06
9362,110.0,1,3,2026-07-06
9363,16.0,1,3,2026-07-06
9364,205.0,2,3;9,2026-07-06
9365,50.0,1,3,2026-07-06
9366,38.0,1,3,2026-07-06
9367,31.0,2,3;9,2026-07-06
9368,38.0,2,3;9,2026-07-06
9369,24.0,2,5;11,2026-07-06
9376,50.0,2,3;9,2026-07-06
9380,9.0,2,3;9,2026-07-06
9381,110.0,2,2;8,2026-07-06
9385,35.0,1,3,2026-07-06
9401,100.0,2,3;9,2026-07-06
9404,45.0,2,3;9,2026-07-06
9405,20.0,2,3;9,2026-07-06
9408,18.0,2,3;9,2026-07-06
9409,100.0,2,3;9,2026-07-06
9412,48.0,2,3;9,2026-07-06
9413,100.0,2,3;9,2026-07-06
9414,30.0,1,8,2026-07-06
9416,51.0,2,6;12,2026-07-06
9417,10.0,1,6,2026-07-06
9418,17.0,2,2;8,2026-07-06
9419,29.0,1,12,2026-07-07
9421,10.0,1,6,2026-07-06
9423,3.0,1,3,2026-07-06
9428,32.0,1,3,2026-07-06
9432,5.4,2,3;9,2026-07-06
9433,84.0,2,3;9,2026-07-06
9434,8.8,2,3;9,2026-07-07
9435,780.0,2,3;9,2026-07-06
9436,70.0,2,3;9,2026-07-06
9438,20.0,2,3;9,2026-07-06
9439,0.5,1,6,2026-07-06
9441,102.0,2,6;12,2026-07-06
9444,20.0,2,4;10,2026-07-06
9445,25.0,2,3;9,2026-07-06
9446,35.0,2,3;9,2026-07-06
9449,23.0,2,6;12,2026-07-06
9450,27.0,2,6;12,2026-07-06
9466,10.0,2,3;9,2026-07-06
9467,27.0,1,3,2026-07-06
9468,30.0,1,3,2026-07-06
9470,29.0,2,3;9,2026-07-06
9474,42.0,2,3;9,2026-07-06
9475,5.0,1,3,2026-07-06
9476,13.0,1,9,2026-07-06
9478,4.0,1,3,2026-07-06
9501,30.0,1,3,2026-07-07
9502,70.0,2,3;9,2026-07-06
9503,80.0,2,3;9,2026-07-06
9504,30.0,2,3;9,2026-07-06
9505,25.0,2,3;9,2026-07-06
9506,40.0,2,3;9,2026-07-06
9507,55.0,2,3;9,2026-07-06
9508,50.0,2,3;9,2026-07-06
9509,33.0,2,3;9,2026-07-06
9511,30.0,2,3;9,2026-07-06
9513,105.0,2,3;9,2026-07-06
9514,8.0,1,6,2026-07-06
9517,22.0,1,3,2026-07-06
9531,120.0,2,3;9,2026-07-06
9532,130.0,2,3;9,2026-07-06
9533,22.5,2,3;9,2026-07-06
9534,27.0,2,3;9,2026-07-06
9535,12.0,2,3;9,2026-07-06
9536,70.0,2,3;9,2026-07-06
9537,80.0,1,3,2026-07-06
9539,26.0,2,6;12,2026-07-06
9543,44.0,2,6;12,2026-07-06
9551,80.0,2,3;9,2026-07-06
9558,101.0,2,5;11,2026-07-06
9560,22.0,2,2;8,2026-07-06
9562,50.0,1,9,2026-07-06
9564,10.0,1,9,2026-07-06
9601,30.0,1,2,2026-07-06
9602,22.0,2,2;8,2026-07-06
9603,25.0,1,10,2026-07-06
9605,12.0,2,3;9,2026-07-06
9612,40.0,2,6;12,2026-07-06
9616,46.0,2,3;9,2026-07-06
9619,80.0,2,3;9,2026-07-06
9621,78.0,1,12,2026-07-06
9622,72.0,2,6;12,2026-07-06
9625,50.0,1,3,2026-07-06
9627,100.0,1,4,2026-07-06
9628,24.0,2,3;9,2026-07-06
9629,40.0,1,3,2026-07-06
9632,80.0,2,1;7,2026-07-06
9633,30.0,1,3,2026-07-06
9636,10.0,1,1,2026-07-06
9639,90.0,2,3;9,2026-07-06
9640,90.0,2,3;9,2026-07-06
9644,29.0,2,3;9,2026-07-06
9647,30.0,1,11,2026-07-06
9651,66.0,2,5;11,2026-07-06
9656,15.0,2,6;12,2026-07-06
9658,47.0,2,3;9,2026-07-06
9661,5.0,1,2,2026-07-06
9663,60.0,1,3,2026-07-06
9672,146.0,2,6;12,2026-07-06
9678,100.0,2,4;10,2026-07-06
9679,24.0,1,9,2026-07-06
9682,38.0,2,3;9,2026-07-06
9684,43.0,2,3;9,2026-07-06
9685,10.0,1,3,2026-07-06
9686,71.0,2,3;9,2026-07-06
9687,190.0,1,3,2026-07-06
9691,44.0,2,3;9,2026-07-06
9692,80.0,2,1;7,2026-07-06
9697,46.0,2,3;9,2026-07-06
9698,56.0,1,3,2026-07-06
9699,132.0,1,9,2026-07-06
9701,50.0,1,3,2026-07-06
9702,70.0,1,12,2026-07-06
9706,95.0,2,3;9,2026-07-06
9708,6.0,2,3;9,2026-07-06
9709,58.0,2,3;9,2026-07-06
9713,6.0,1,3,2026-07-06
9715,145.0,1,3,2026-07-06
9716,44.0,2,2;8,2026-07-06
9720,25.0,1,11,2026-07-06
9722,20.0,1,12,2026-07-06
9723,3.0,1,3,2026-07-06
9726,10.0,1,3,2026-07-06
9729,80.0,2,3;9,2026-07-06
9731,100.0,2,6;12,2026-07-06
9733,120.0,2,3;9,2026-07-06
9735,120.0,2,3;9,2026-07-06
9739,125.0,2,3;9,2026-07-06
9740,61.0,2,2;8,2026-07-06
9742,40.0,2,3;9,2026-07-07
9743,80.0,2,1;7,2026-07-06
9744,181.0,2,3;9,2026-07-06
9746,110.0,2,3;9,2026-07-06
9753,50.0,1,3,2026-07-06
9755,110.0,2,6;12,2026-07-06
9757,48.0,2,6;12,2026-07-06
9759,97.0,1,3,2026-07-06
9760,2.5,1,3,2026-07-07
9761,120.0,2,3;9,2026-07-06
9763,54.0,2,3;9,2026-07-06
9765,42.0,2,5;11,2026-07-06
9766,224.0,2,3;9,2026-07-06
9767,30.0,1,3,2026-07-06
9768,118.0,1,12,2026-07-06
9769,127.0,2,3;9,2026-07-06
9778,120.0,1,2,2026-07-06
9780,36.0,2,3;9,2026-07-06
9782,232.0,2,3;9,2026-07-06
9788,22.0,2,3;9,2026-07-06
9790,77.0,1,3,2026-07-06
9791,36.0,2,3;9,2026-07-06
9793,86.0,2,2;8,2026-07-06
9795,88.0,2,3;9,2026-07-06
9799,34.0,2,3;9,2026-07-06
9812,10.0,1,5,2026-07-07
9816,5.0,1,3,2026-07-06
9818,29.0,2,3;9,2026-07-06
9820,40.0,1,3,2026-07-06
9823,21.2,2,3;9,2026-07-06
9824,150.0,2,4;10,2026-07-06
9827,36.0,1,12,2026-07-06
9828,70.0,2,3;9,2026-07-06
9830,55.5,2,6;12,2026-07-06
9831,17.0,1,3,2026-07-06
9832,60.0,2,3;9,2026-07-06
9835,10.0,1,2,2026-07-06
9837,72.0,2,5;11,2026-07-06
9842,40.0,2,2;8,2026-07-06
9843,32.0,2,3;9,2026-07-06
9845,53.0,2,3;9,2026-07-06
9846,20.0,2,2;8,2026-07-06
9849,50.0,1,3,2026-07-06
9850,7.0,1,3,2026-07-06
9853,5.0,1,3,2026-07-06
9854,2.0,1,3,2026-07-07
9856,58.0,2,3;9,2026-07-06
9857,96.0,2,3;9,2026-07-06
9861,22.0,2,2;8,2026-07-06
9867,70.0,1,3,2026-07-06
9869,160.0,2,3;9,2026-07-06
9872,28.0,1,11,2026-07-06
9878,10.0,1,3,2026-07-07
9880,130.0,2,3;9,2026-07-06
9882,68.0,2,3;9,2026-07-06
9885,8.0,1,3,2026-07-06
9887,26.0,2,3;9,2026-07-06
9888,30.0,1,3,2026-07-06
9889,50.0,2,3;9,2026-07-06
9890,38.0,2,3;9,2026-07-06
9895,27.0,1,3,2026-07-06
9896,60.0,2,3;9,2026-07-06
9900,12.0,1,3,2026-07-06
9902,100.0,2,3;9,2026-07-06
9903,20.0,1,2,2026-07-06
9904,6.0,1,3,2026-07-06
9906,160.0,2,3;9,2026-07-06
9908,109.0,2,3;9,2026-07-06
9913,79.0,1,3,2026-07-06
9914,32.5,1,3,2026-07-06
9928,65.0,1,3,2026-07-06
9929,12.0,2,3;9,2026-07-06
9930,10.0,1,3,2026-07-06
9932,54.0,2,3;9,2026-07-06
9934,85.0,2,3;9,2026-07-06
9936,56.0,2,3;9,2026-07-06
9946,20.0,2,2;8,2026-07-06
9948,82.0,2,2;8,2026-07-06
9950,20.0,2,3;9,2026-07-06
9955,20.0,1,3,2026-07-07
9956,76.0,2,3;9,2026-07-06
9959,24.0,2,3;9,2026-07-06
9960,128.0,2,3;9,2026-07-06
9962,52.98,2,3;9,2026-07-06
9969,2.5,1,3,2026-07-06
9972,7.0,1,11,2026-07-06
9974,132.0,2,2;8,2026-07-06
9976,30.0,1,2,2026-07-06
9979,14.0,2,2;8,2026-07-06
9980,1.0,1,3,2026-07-06
9982,50.0,2,2;8,2026-07-06
9983,520.0,2,2;8,2026-07-06
9984,44.0,2,3;9,2026-07-06
9986,100.0,2,3;9,2026-07-06
9987,90.0,2,3;9,2026-07-06
9989,132.0,2,3;9,2026-07-06
9990,35.0,1,3,2026-07-06
9991,69.0,2,3;9,2026-07-06
9993,27.0,2,2;8,2026-07-06
9994,72.0,2,3;9,2026-07-06
9996,48.0,2,3;9,2026-07-06
9997,39.0,2,3;9,2026-07-06
