code,dividend,count,record_months,fetched_date,monthly,source
1305,79.4,1,,2026-08-11,0;0;0;0;0;0;79.4;0;0;0;0;0,yfinance
1306,7.9,1,,2026-08-11,0;0;0;0;0;0;7.9;0;0;0;0;0,yfinance
1308,80.0,1,,2026-08-11,0;0;0;0;0;0;80;0;0;0;0;0,yfinance
1311,48.0,1,,2026-08-11,0;0;0;0;0;0;48;0;0;0;0;0,yfinance
1319,13.733,1,,2026-08-11,0;0;0;0;0;0;13.733;0;0;0;0;0,yfinance
1320,800.0,1,,2026-08-11,0;0;0;0;0;0;800;0;0;0;0;0,yfinance
1321,812.0,1,,2026-08-11,0;0;0;0;0;0;812;0;0;0;0;0,yfinance
1325,12.1,1,,2026-08-11,0;0;0;0;0;0;12.1;0;0;0;0;0,yfinance
1329,86.0,2,,2026-08-11,0;44;0;0;0;0;0;42;0;0;0;0,yfinance
1330,829.0,1,,2026-08-11,0;0;0;0;0;0;829;0;0;0;0;0,yfinance
133A,33.0,6,,2026-08-11,3;0;7;0;4;0;7;0;5;0;7;0,yfinance
1343,92.9,4,,2026-08-11,0;25.5;0;0;23.7;0;0;20.6;0;0;23.1;0,yfinance
1345,85.52,6,,2026-08-11,15.27;0;21.62;0;7;0;13;0;21.29;0;7.34;0,yfinance
1346,791.0,2,,2026-08-11,368;0;0;0;0;0;423;0;0;0;0;0,yfinance
1348,78.0,2,,2026-08-11,35;0;0;0;0;0;43;0;0;0;0;0,yfinance
1349,468.07654,2,,2026-08-12,221.788;0;0;0;0;0;246.28854;0;0;0;0;0,yfinance
1358,621.0,1,,2026-08-12,0;0;0;0;0;0;621;0;0;0;0;0,yfinance
1364,68.0,2,,2026-08-12,0;33;0;0;0;0;0;35;0;0;0;0,yfinance
1369,815.0,2,,2026-08-12,355;0;0;0;0;0;460;0;0;0;0;0,yfinance
1397,770.0,2,,2026-08-12,0;0;0;410;0;0;0;0;0;360;0;0,yfinance
1398,88.00000000000001,4,,2026-08-12,0;0;32.2;0;0;13.7;0;0;29.2;0;0;12.9,yfinance
1399,74.0,4,,2026-08-12,4;0;0;34;0;0;6;0;0;30;0;0,yfinance
1473,73.5,2,,2026-08-12,32.3;0;0;0;0;0;41.2;0;0;0;0;0,yfinance
1474,619.0,2,,2026-08-12,291;0;0;0;0;0;328;0;0;0;0;0,yfinance
1475,7.800000000000001,2,,2026-08-12,0;3.4;0;0;0;0;0;4.4;0;0;0;0,yfinance
1476,90.0,4,,2026-08-12,0;24;0;0;23;0;0;20;0;0;23;0,yfinance
1477,76.0,2,,2026-08-12,0;36;0;0;0;0;0;40;0;0;0;0,yfinance
1478,146.0,2,,2026-08-12,0;58;0;0;0;0;0;88;0;0;0;0,yfinance
1479,837.0,2,,2026-08-12,380;0;0;0;0;0;457;0;0;0;0;0,yfinance
1480,637.0,2,,2026-08-12,0;0;0;330;0;0;0;0;0;307;0;0,yfinance
1481,79.0,2,,2026-08-12,39;0;0;0;0;0;40;0;0;0;0;0,yfinance
1482,68.0,4,,2026-08-12,16;0;0;18;0;0;17;0;0;17;0;0,yfinance
1483,75.0,2,,2026-08-12,0;34;0;0;0;0;0;41;0;0;0;0,yfinance
1484,75.80000000000001,2,,2026-08-12,35.1;0;0;0;0;0;40.7;0;0;0;0;0,yfinance
1485,803.0,2,,2026-08-12,346;0;0;0;0;0;457;0;0;0;0;0,yfinance
1486,1295.0,2,,2026-08-12,600;0;0;0;0;0;695;0;0;0;0;0,yfinance
1487,556.0,2,,2026-08-12,278;0;0;0;0;0;278;0;0;0;0;0,yfinance
1488,88.0,4,,2026-08-12,0;0;32;0;0;14;0;0;29;0;0;13,yfinance
1489,94.0,4,,2026-08-12,8;0;0;38;0;0;9;0;0;39;0;0,yfinance
1490,166.0,4,,2026-08-12,5;0;0;75;0;0;11;0;0;75;0;0,yfinance
1493,439.0,2,,2026-08-12,332;0;0;0;0;0;107;0;0;0;0;0,yfinance
1494,1255.0,2,,2026-08-12,0;0;0;688;0;0;0;0;0;567;0;0,yfinance
1495,622.0,5,,2026-08-12,134;0;0;90;0;0;282;0;0;116;0;0,yfinance
1496,76.0,4,,2026-08-12,19;0;0;20;0;0;18;0;0;19;0;0,yfinance
1497,104.0,4,,2026-08-12,26;0;0;26;0;0;26;0;0;26;0;0,yfinance
1498,560.0,2,,2026-08-12,273;0;0;0;0;0;287;0;0;0;0;0,yfinance
1499,272.0,4,,2026-08-12,18;0;0;116;0;0;18;0;0;120;0;0,yfinance
1545,0.6,1,,2026-08-12,0;0;0;0;0;0;0;0.6;0;0;0;0,yfinance
1546,756.0,1,,2026-08-12,0;0;0;0;0;0;0;756;0;0;0;0,yfinance
1547,109.0,1,,2026-08-12,109;0;0;0;0;0;0;0;0;0;0;0,yfinance
1550,85.0,2,,2026-08-12,0;0;0;0;0;51;0;0;0;0;0;34,yfinance
1551,90.0,1,,2026-08-12,0;0;0;0;0;0;90;0;0;0;0;0,yfinance
1554,70.0,1,,2026-08-12,70;0;0;0;0;0;0;0;0;0;0;0,yfinance
1555,51.0,6,,2026-08-12,8;0;9;0;8;0;9;0;8;0;9;0,yfinance
1557,1177.08058,4,,2026-08-12,0;0;286.18106;0;0;306.1996;0;0;270.79428;0;0;313.90564,yfinance
1559,158.0,1,,2026-08-12,0;0;0;0;0;0;0;158;0;0;0;0,yfinance
1560,212.0,1,,2026-08-12,0;0;0;0;0;0;0;212;0;0;0;0,yfinance
1566,2758.0,6,,2026-08-12,474;0;470;0;485;0;485;0;422;0;422;0,yfinance
1577,1529.0,4,,2026-08-12,83;0;0;720;0;0;100;0;0;626;0;0,yfinance
1578,60.0,2,,2026-08-12,29;0;0;0;0;0;31;0;0;0;0;0,yfinance
1585,35.1,2,,2026-08-12,11.9;0;0;0;0;0;23.2;0;0;0;0;0,yfinance
1586,58.0,2,,2026-08-12,35;0;0;0;0;0;23;0;0;0;0;0,yfinance
1591,639.0,2,,2026-08-12,0;0;0;331;0;0;0;0;0;308;0;0,yfinance
1592,59.0,2,,2026-08-13,28;0;0;0;0;0;31;0;0;0;0;0,yfinance
1593,673.0,2,,2026-08-13,312;0;0;0;0;0;361;0;0;0;0;0,yfinance
1595,88.5,4,,2026-08-13,20.4;0;0;25.7;0;0;17.6;0;0;24.8;0;0,yfinance
1596,41.7,2,,2026-08-13,24.3;0;0;0;0;0;17.4;0;0;0;0;0,yfinance
1597,88.0,4,,2026-08-13,0;0;33;0;0;13;0;0;28;0;0;14,yfinance
1599,624.0,2,,2026-08-13,292;0;0;0;0;0;332;0;0;0;0;0,yfinance
159A,10.7,2,,2026-08-13,0;0;0;5.4;0;0;0;0;0;5.3;0;0,yfinance
1615,20.9,1,,2026-08-13,0;0;0;0;0;0;20.9;0;0;0;0;0,yfinance
1617,1036.0,1,,2026-08-13,0;0;0;0;0;0;1036;0;0;0;0;0,yfinance
1618,742.0,1,,2026-08-13,0;0;0;0;0;0;742;0;0;0;0;0,yfinance
1619,809.0,1,,2026-08-13,0;0;0;0;0;0;809;0;0;0;0;0,yfinance
1620,558.0,1,,2026-08-13,0;0;0;0;0;0;558;0;0;0;0;0,yfinance
1621,697.0,1,,2026-08-13,0;0;0;0;0;0;697;0;0;0;0;0,yfinance
1622,572.0,1,,2026-08-13,0;0;0;0;0;0;572;0;0;0;0;0,yfinance
1623,557.0,1,,2026-08-13,0;0;0;0;0;0;557;0;0;0;0;0,yfinance
1624,760.0,1,,2026-08-13,0;0;0;0;0;0;760;0;0;0;0;0,yfinance
1625,296.0,1,,2026-08-13,0;0;0;0;0;0;296;0;0;0;0;0,yfinance
1626,518.0,1,,2026-08-13,0;0;0;0;0;0;518;0;0;0;0;0,yfinance
1627,168.0,1,,2026-08-13,0;0;0;0;0;0;168;0;0;0;0;0,yfinance
1628,653.0,1,,2026-08-13,0;0;0;0;0;0;653;0;0;0;0;0,yfinance
1629,2.4,1,,2026-08-13,0;0;0;0;0;0;2.4;0;0;0;0;0,yfinance
1630,548.0,1,,2026-08-13,0;0;0;0;0;0;548;0;0;0;0;0,yfinance
1631,768.0,1,,2026-08-13,0;0;0;0;0;0;768;0;0;0;0;0,yfinance
1632,1112.0,1,,2026-08-13,0;0;0;0;0;0;1112;0;0;0;0;0,yfinance
1633,758.0,1,,2026-08-13,0;0;0;0;0;0;758;0;0;0;0;0,yfinance
1651,76.0,4,,2026-08-13,0;2;0;0;36;0;0;5;0;0;33;0,yfinance
1652,93.1,2,,2026-08-13,48.6;0;0;0;0;0;44.5;0;0;0;0;0,yfinance
1653,83.7,2,,2026-08-13,38.2;0;0;0;0;0;45.5;0;0;0;0;0,yfinance
1654,71.0,2,,2026-08-13,31.4;0;0;0;0;0;39.6;0;0;0;0;0,yfinance
1655,7.4,2,,2026-08-13,0;4;0;0;0;0;0;3.4;0;0;0;0,yfinance
1656,11.7,4,,2026-08-13,2.8;0;0;3.4;0;0;3;0;0;2.5;0;0,yfinance
1657,77.0,2,,2026-08-13,0;38;0;0;0;0;0;39;0;0;0;0,yfinance
1658,75.0,2,,2026-08-13,0;49;0;0;0;0;0;26;0;0;0;0,yfinance
1659,81.0,4,,2026-08-13,0;34;0;0;9;0;0;18;0;0;20;0,yfinance
1660,490.0,4,,2026-08-13,127;0;0;142;0;0;106;0;0;115;0;0,yfinance
1677,1636.0,12,,2026-08-13,132;131;132;137;140;148;148;149;128;128;130;133,yfinance
1678,9.4,1,,2026-08-13,0;0;0;0;0;0;0;9.4;0;0;0;0,yfinance
1679,960.0,1,,2026-08-13,0;0;0;0;0;0;0;0;0;0;0;960,yfinance
1680,82.0,1,,2026-08-13,82;0;0;0;0;0;0;0;0;0;0;0,yfinance
1681,53.0,1,,2026-08-13,53;0;0;0;0;0;0;0;0;0;0;0,yfinance
1698,121.0,4,,2026-08-13,31;0;0;31;0;0;32;0;0;27;0;0,yfinance
170A,61.0,3,,2026-08-13,0;0;0;31;0;0;3;0;0;27;0;0,yfinance
178A,3.0,1,,2026-08-13,0;0;0;0;0;0;0;0;3;0;0;0,yfinance
179A,11.099999999999998,4,,2026-08-13,0;2.7;0;0;2.7;0;0;2.8;0;0;2.9;0,yfinance
180A,12.399999999999999,4,,2026-08-13,0;3.3;0;0;3.3;0;0;2.8;0;0;3;0,yfinance
181A,13.099999999999998,4,,2026-08-13,0;2.8;0;0;3.1;0;0;4.3;0;0;2.9;0,yfinance
182A,20.4,4,,2026-08-13,0;5.1;0;0;5.7;0;0;5;0;0;4.6;0,yfinance
183A,19.299999999999997,4,,2026-08-13,0;4.9;0;0;4.8;0;0;4.6;0;0;5;0,yfinance
188A,8.0,2,,2026-08-13,0;0;0;0;0;3;0;0;0;0;0;5,yfinance
200A,25.0,2,,2026-08-13,0;0;0;14;0;0;0;0;0;11;0;0,yfinance
2011,21.6,2,,2026-08-14,0;0;0;0;11.3;0;0;0;0;0;10.3;0,yfinance
2013,8.4,4,,2026-08-14,0;2.2;0;0;2.1;0;0;2.4;0;0;1.7;0,yfinance
2014,4.9,4,,2026-08-14,0;1.4;0;0;1.1;0;0;1.1;0;0;1.3;0,yfinance
2015,74.0,4,,2026-08-14,0;15;0;0;19;0;0;19;0;0;21;0,yfinance
2016,71.0,4,,2026-08-14,0;18;0;0;16;0;0;18;0;0;19;0,yfinance
2017,22.0,2,,2026-08-14,0;0;0;11;0;0;0;0;0;11;0;0,yfinance
2018,30.0,6,,2026-08-14,0;2;0;6;0;8;0;2;0;6;0;6,yfinance
2019,56.0,6,,2026-08-14,9;0;10;0;9;0;10;0;9;0;9;0,yfinance
201A,1.2,2,,2026-08-14,0;0.6;0;0;0;0;0;0.6;0;0;0;0,yfinance
2080,42.03,1,,2026-08-14,0;0;0;0;0;0;0;0;42.03;0;0;0,yfinance
2081,22.94,1,,2026-08-14,0;0;0;0;0;0;0;0;22.94;0;0;0,yfinance
2083,35.0,2,,2026-08-14,15;0;0;0;0;0;20;0;0;0;0;0,yfinance
2084,85.0,4,,2026-08-14,2;0;0;45;0;0;3;0;0;35;0;0,yfinance
2085,23.4,3,,2026-08-14,1.4;0;0;12;0;0;0;0;0;10;0;0,yfinance
2086,28.8,2,,2026-08-14,0;0;0;14.9;0;0;0;0;0;13.9;0;0,yfinance
2087,11.8,2,,2026-08-14,0;0;0;5.9;0;0;0;0;0;5.9;0;0,yfinance
2088,34.0,2,,2026-08-14,0;0;0;14.4;0;0;0;0;0;19.6;0;0,yfinance
2089,18.1,1,,2026-08-14,0;0;0;0;0;0;0;0;0;0;18.1;0,yfinance
2090,140.60000000000002,2,,2026-08-14,0;0;0;0;67.9;0;0;0;0;0;72.7;0,yfinance
2091,100.7,2,,2026-08-14,0;0;0;0;51.5;0;0;0;0;0;49.2;0,yfinance
2092,136.5,2,,2026-08-14,0;0;0;0;70;0;0;0;0;0;66.5;0,yfinance
2093,168.0,4,,2026-08-14,0;40;0;0;25;0;0;30;0;0;73;0,yfinance
2095,21.0,6,,2026-08-14,3;0;2;0;3;0;4;0;3;0;6;0,yfinance
2096,74.0,5,,2026-08-14,0;43;0;8;0;4;0;10;0;9;0;0,yfinance
2097,36.0,6,,2026-08-14,0;9;0;6;0;9;0;7;0;4;0;1,yfinance
2098,109.0,6,,2026-08-14,0;82;0;7;0;2;0;10;0;6;0;2,yfinance
210A,78.0,4,,2026-08-14,0;0;32;0;0;11;0;0;26;0;0;9,yfinance
213A,1.7999999999999998,2,,2026-08-14,1.4;0;0;0;0;0;0.4;0;0;0;0;0,yfinance
221A,4.7,2,,2026-08-14,3.7;0;0;0;0;0;1;0;0;0;0;0,yfinance
2235,66.0,2,,2026-08-14,29;0;0;0;0;0;37;0;0;0;0;0,yfinance
2236,26.0,6,,2026-08-14,5;0;4;0;4;0;5;0;4;0;4;0,yfinance
2237,9.12,2,,2026-08-14,0;0;3.9;0;0;0;0;0;5.22;0;0;0,yfinance
223A,1.0,1,,2026-08-14,1;0;0;0;0;0;0;0;0;0;0;0,yfinance
2241,13.8,2,,2026-08-14,0;0;0;0;4.3;0;0;0;0;0;9.5;0,yfinance
2242,6.6000000000000005,2,,2026-08-14,0;0;0;0;2.2;0;0;0;0;0;4.4;0,yfinance
2243,6.0,2,,2026-08-14,0;0;1;0;0;0;0;0;5;0;0;0,yfinance
2245,17.0,4,,2026-08-14,0;0;4.1;0;0;4.4;0;0;4.3;0;0;4.2,yfinance
2247,15.0,2,,2026-08-14,0;0;8;0;0;0;0;0;7;0;0;0,yfinance
2248,27.0,2,,2026-08-14,0;0;17;0;0;0;0;0;10;0;0;0,yfinance
2249,39.0,2,,2026-08-14,0;0;25;0;0;0;0;0;14;0;0;0,yfinance
224A,46.0,1,,2026-08-14,46;0;0;0;0;0;0;0;0;0;0;0,yfinance
2250,7.0,2,,2026-08-14,0;3.9;0;0;0;0;0;3.1;0;0;0;0,yfinance
2252,11.0,2,,2026-08-14,0;0;7;0;0;0;0;0;4;0;0;0,yfinance
2253,72.0,6,,2026-08-14,10;0;10;0;12;0;14;0;11;0;15;0,yfinance
2255,8.3,4,,2026-08-14,1.9;0;0;2.2;0;0;2.1;0;0;2.1;0;0,yfinance
2256,7.5,4,,2026-08-14,1.9;0;0;1.6;0;0;2;0;0;2;0;0,yfinance
2257,8.9,4,,2026-08-14,1.8;0;0;2.3;0;0;2.4;0;0;2.4;0;0,yfinance
2258,13.8,4,,2026-08-14,3.3;0;0;3.8;0;0;3.3;0;0;3.4;0;0,yfinance
2259,7.1,4,,2026-08-15,1.4;0;0;1.5;0;0;2.8;0;0;1.4;0;0,yfinance
233A,10.0,2,,2026-08-15,0;0;2;0;0;0;0;0;8;0;0;0,yfinance
234A,32.0,2,,2026-08-15,0;10;0;0;0;0;0;22;0;0;0;0,yfinance
235A,37.0,4,,2026-08-15,0;4;0;0;14;0;0;3;0;0;16;0,yfinance
236A,5.7,4,,2026-08-15,1.4;0;0;1.5;0;0;1.5;0;0;1.3;0;0,yfinance
237A,14.6,4,,2026-08-15,3.2;0;0;4;0;0;4.1;0;0;3.3;0;0,yfinance
238A,12.7,4,,2026-08-15,2.7;0;0;3.5;0;0;3.3;0;0;3.2;0;0,yfinance
2510,7.4,2,,2026-08-15,0;0;3.7;0;0;0;0;0;3.7;0;0;0,yfinance
2511,33.900000000000006,2,,2026-08-15,0;0;18.1;0;0;0;0;0;15.8;0;0;0,yfinance
2512,21.1,2,,2026-08-15,0;0;11;0;0;0;0;0;10.1;0;0;0,yfinance
2513,33.7,2,,2026-08-15,0;0;13;0;0;0;0;0;20.7;0;0;0,yfinance
2514,21.7,2,,2026-08-15,0;0;8;0;0;0;0;0;13.7;0;0;0,yfinance
2515,48.9,4,,2026-08-15,0;0;12;0;0;13;0;0;12.9;0;0;11,yfinance
2517,51.8,4,,2026-08-15,0;16.5;0;0;11.5;0;0;13.2;0;0;10.6;0,yfinance
2518,40.0,2,,2026-08-15,0;0;0;21;0;0;0;0;0;19;0;0,yfinance
2519,57.2,2,,2026-08-15,0;0;29.8;0;0;0;0;0;27.4;0;0;0,yfinance
2520,34.4,2,,2026-08-15,0;0;10;0;0;0;0;0;24.4;0;0;0,yfinance
2521,20.0,1,,2026-08-15,20;0;0;0;0;0;0;0;0;0;0;0,yfinance
2522,14.0,2,,2026-08-15,0;1;0;0;0;0;0;13;0;0;0;0,yfinance
2523,65.2,2,,2026-08-15,19.5;0;0;0;0;0;45.7;0;0;0;0;0,yfinance
2524,69.3,2,,2026-08-15,0;31.5;0;0;0;0;0;37.8;0;0;0;0,yfinance
2525,653.0,2,,2026-08-15,0;329;0;0;0;0;0;324;0;0;0;0,yfinance
2526,625.0,2,,2026-08-15,0;312;0;0;0;0;0;313;0;0;0;0,yfinance
2527,47.5,2,,2026-08-15,28.1;0;0;0;0;0;19.4;0;0;0;0;0,yfinance
2528,51.0,4,,2026-08-15,0;0;21;0;0;6;0;0;18;0;0;6,yfinance
2529,53.0,4,,2026-08-15,5;0;0;24;0;0;4;0;0;20;0;0,yfinance
2530,590.0,2,,2026-08-15,0;0;0;0;0;196;0;0;0;0;0;394,yfinance
2552,90.0,6,,2026-08-15,0;19;0;17;0;11;0;15;0;18;0;10,yfinance
2553,18.0,1,,2026-08-15,0;0;0;0;0;0;18;0;0;0;0;0,yfinance
2554,30.800000000000004,4,,2026-08-15,0;0;7.4;0;0;8.1;0;0;7.6;0;0;7.7,yfinance
2555,84.0,4,,2026-08-15,22;0;0;23;0;0;19;0;0;20;0;0,yfinance
2556,88.1,4,,2026-08-15,20.4;0;0;25.6;0;0;17.6;0;0;24.5;0;0,yfinance
2557,71.5,2,,2026-08-15,0;0;0;38.7;0;0;0;0;0;32.8;0;0,yfinance
2558,29.6,2,,2026-08-15,0;0;0;0;0;15.5;0;0;0;0;0;14.1,yfinance
2559,34.0,2,,2026-08-15,0;0;0;0;0;19.3;0;0;0;0;0;14.7,yfinance
2560,923.0,2,,2026-08-15,0;0;0;0;503;0;0;0;0;0;420;0,yfinance
2561,25.0,4,,2026-08-15,6;0;0;6;0;0;6;0;0;7;0;0,yfinance
2562,40.0,2,,2026-08-15,18;0;0;0;0;0;22;0;0;0;0;0,yfinance
2563,3.5999999999999996,2,,2026-08-15,0;1.9;0;0;0;0;0;1.7;0;0;0;0,yfinance
2564,153.0,4,,2026-08-15,7;0;0;69;0;0;16;0;0;61;0;0,yfinance
2565,42.0,6,,2026-08-15,0;7;0;11;0;4;0;6;0;10;0;4,yfinance
2566,48.0,4,,2026-08-15,11;0;0;14;0;0;10;0;0;13;0;0,yfinance
2567,8.7,2,,2026-08-15,0;4.2;0;0;0;0;0;4.5;0;0;0;0,yfinance
2568,16.0,2,,2026-08-15,7;0;0;0;0;0;9;0;0;0;0;0,yfinance
2569,11.0,2,,2026-08-15,5;0;0;0;0;0;6;0;0;0;0;0,yfinance
257A,24.0,2,,2026-08-15,11;0;0;0;0;0;13;0;0;0;0;0,yfinance
258A,98.0,2,,2026-08-15,53;0;0;0;0;0;45;0;0;0;0;0,yfinance
2620,10.1,4,,2026-08-15,2.5;0;0;2.4;0;0;2.6;0;0;2.6;0;0,yfinance
2621,48.0,4,,2026-08-15,12;0;0;12;0;0;12;0;0;12;0;0,yfinance
2622,78.0,4,,2026-08-15,19;0;0;19;0;0;20;0;0;20;0;0,yfinance
2623,97.0,2,,2026-08-16,0;0;0;45;0;0;0;0;0;52;0;0,yfinance
2624,76.0,4,,2026-08-16,4;0;0;37;0;0;4;0;0;31;0;0,yfinance
2625,74.0,4,,2026-08-16,4;0;0;35;0;0;6;0;0;29;0;0,yfinance
2626,23.0,2,,2026-08-16,5;0;0;0;0;0;18;0;0;0;0;0,yfinance
2627,18.0,2,,2026-08-16,11;0;0;0;0;0;7;0;0;0;0;0,yfinance
2630,142.0,2,,2026-08-16,0;0;0;0;0;72;0;0;0;0;0;70,yfinance
2631,96.0,2,,2026-08-16,0;0;0;0;0;49;0;0;0;0;0;47,yfinance
2632,65.0,2,,2026-08-16,0;0;0;0;0;31;0;0;0;0;0;34,yfinance
2633,4.6,2,,2026-08-16,0;0;2.4;0;0;0;0;0;2.2;0;0;0,yfinance
2634,30.2,2,,2026-08-16,0;0;15;0;0;0;0;0;15.2;0;0;0,yfinance
2636,56.0,2,,2026-08-16,0;0;35;0;0;0;0;0;21;0;0;0,yfinance
2637,28.0,2,,2026-08-16,0;0;12;0;0;0;0;0;16;0;0;0,yfinance
2638,4.0,2,,2026-08-16,0;0;0;0;0;3;0;0;0;0;0;1,yfinance
2639,56.0,2,,2026-08-16,0;0;0;0;0;52;0;0;0;0;0;4,yfinance
2640,58.0,2,,2026-08-16,0;0;0;0;0;54;0;0;0;0;0;4,yfinance
2641,70.0,2,,2026-08-16,0;0;0;0;0;36;0;0;0;0;0;34,yfinance
2642,954.0,2,,2026-08-16,429;0;0;0;0;0;525;0;0;0;0;0,yfinance
2643,63.0,2,,2026-08-16,0;0;0;32;0;0;0;0;0;31;0;0,yfinance
2644,22.0,2,,2026-08-16,0;0;0;12;0;0;0;0;0;10;0;0,yfinance
2645,22.0,2,,2026-08-16,0;0;0;19;0;0;0;0;0;3;0;0,yfinance
2646,51.0,2,,2026-08-16,0;0;0;33;0;0;0;0;0;18;0;0,yfinance
2647,211.9,4,,2026-08-16,0;0;51;0;0;56;0;0;55.9;0;0;49,yfinance
2648,140.3,4,,2026-08-16,0;0;34;0;0;36;0;0;34.3;0;0;36,yfinance
2649,25.299999999999997,4,,2026-08-16,6.4;0;0;6.2;0;0;6.1;0;0;6.6;0;0,yfinance
273A,304.0,2,,2026-08-16,0;0;66;0;0;0;0;0;238;0;0;0,yfinance
282A,10.0,2,,2026-08-16,0;0;0;0;5;0;0;0;0;0;5;0,yfinance
2836,48.0,2,,2026-08-16,0;0;0;0;0;25;0;0;0;0;0;23,yfinance
2837,36.0,2,,2026-08-16,0;0;0;0;0;23;0;0;0;0;0;13,yfinance
2838,358.0,4,,2026-08-16,0;58;0;0;93;0;0;96;0;0;111;0,yfinance
2839,196.0,4,,2026-08-16,0;42;0;0;53;0;0;46;0;0;55;0,yfinance
283A,11.0,4,,2026-08-16,0;3;0;0;3;0;0;3;0;0;2;0,yfinance
2840,9.0,2,,2026-08-16,0;0;4;0;0;0;0;0;5;0;0;0,yfinance
2841,5.0,2,,2026-08-16,0;0;3;0;0;0;0;0;2;0;0;0,yfinance
2843,138.0,4,,2026-08-16,0;35;0;0;37;0;0;34;0;0;32;0,yfinance
2844,287.0,4,,2026-08-16,0;70;0;0;77;0;0;80;0;0;60;0,yfinance
2845,10.0,2,,2026-08-16,0;5;0;0;0;0;0;5;0;0;0;0,yfinance
2846,22.0,2,,2026-08-16,0;12;0;0;0;0;0;10;0;0;0;0,yfinance
2847,33.0,2,,2026-08-16,0;0;0;18;0;0;0;0;0;15;0;0,yfinance
2848,45.0,2,,2026-08-16,0;0;0;24;0;0;0;0;0;21;0;0,yfinance
2849,133.0,4,,2026-08-16,8;0;0;72;0;0;9;0;0;44;0;0,yfinance
2851,6.1,2,,2026-08-16,0;2.9;0;0;0;0;0;3.2;0;0;0;0,yfinance
2852,7.8999999999999995,4,,2026-08-16,0;2.1;0;0;2.5;0;0;1.3;0;0;2;0,yfinance
2853,17.700000000000003,4,,2026-08-16,4.4;0;0;4.4;0;0;4.5;0;0;4.4;0;0,yfinance
2854,18.0,2,,2026-08-16,0;0;0;9;0;0;0;0;0;9;0;0,yfinance
2855,42.0,6,,2026-08-16,0;6;0;10;0;6;0;5;0;9;0;6,yfinance
2856,22.2,4,,2026-08-16,5.6;0;0;5.5;0;0;5.7;0;0;5.4;0;0,yfinance
2857,12.5,4,,2026-08-16,2.7;0;0;3.1;0;0;3.3;0;0;3.4;0;0,yfinance
2858,20.0,2,,2026-08-16,0;0;0;2;0;0;0;0;0;18;0;0,yfinance
2859,52.0,2,,2026-08-16,0;0;0;0;0;42;0;0;0;0;0;10,yfinance
2860,44.0,1,,2026-08-16,0;0;0;0;0;44;0;0;0;0;0;0,yfinance
2861,230.0,4,,2026-08-09,0;60;0;0;65;0;0;51;0;0;54;0,yfinance
2862,117.0,4,,2026-08-09,0;29;0;0;29;0;0;29;0;0;30;0,yfinance
2864,32.0,6,,2026-08-09,0;5;0;7;0;4;0;6;0;6;0;4,yfinance
2865,127.0,12,,2026-08-09,11;10;11;12;11;11;12;9;9;11;10;10,yfinance
2866,56.0,12,,2026-08-09,4;5;5;5;4;5;5;4;5;4;5;5,yfinance
2867,3.0,1,,2026-08-09,0;0;0;0;0;0;0;0;3;0;0;0,yfinance
2868,100.0,12,,2026-08-09,7;8;8;11;8;10;9;7;6;7;9;10,yfinance
2869,9.92,2,,2026-08-09,0;0;4.36;0;0;0;0;0;5.56;0;0;0,yfinance
2870,38.0,2,,2026-08-09,0;0;20;0;0;0;0;0;18;0;0;0,yfinance
294A,63.0,2,,2026-08-09,45;0;0;0;0;0;18;0;0;0;0;0,yfinance
295A,248.0,2,,2026-08-09,0;0;0;54;0;0;0;0;0;194;0;0,yfinance
2971,7145.0,2,,2026-08-09,3615;0;0;0;0;0;3530;0;0;0;0;0,yfinance
2972,2361.0,1,,2026-08-09,0;0;0;0;0;0;0;2361;0;0;0;0,yfinance
2979,5782.0,2,,2026-08-09,0;0;0;0;2708;0;0;0;0;0;3074;0,yfinance
2989,6556.0,2,,2026-08-09,3326;0;0;0;0;0;3230;0;0;0;0;0,yfinance
313A,0.1,1,,2026-08-09,0;0.1;0;0;0;0;0;0;0;0;0;0,yfinance
315A,40.0,2,,2026-08-09,0;0;0;25;0;0;0;0;0;15;0;0,yfinance
3226,4729.0,2,,2026-08-09,0;2405;0;0;0;0;0;2324;0;0;0;0,yfinance
3234,6200.0,2,,2026-08-09,3100;0;0;0;0;0;3100;0;0;0;0;0,yfinance
3249,8506.0,2,,2026-08-09,4506;0;0;0;0;0;4000;0;0;0;0;0,yfinance
3269,6382.0,2,,2026-08-09,3220;0;0;0;0;0;3162;0;0;0;0;0,yfinance
3279,6317.0,2,,2026-08-09,0;0;0;0;3204;0;0;0;0;0;3113;0,yfinance
3281,7042.0,2,,2026-08-09,0;3399;0;0;0;0;0;3643;0;0;0;0,yfinance
3282,4136.3333,2,,2026-08-09,2038.3333;0;0;0;0;0;2098;0;0;0;0;0,yfinance
3283,3848.0,2,,2026-08-09,0;0;0;0;1928;0;0;0;0;0;1920;0,yfinance
3287,12909.0,2,,2026-08-09,0;0;0;6832;0;0;0;0;0;6077;0;0,yfinance
328A,48.0,2,,2026-08-09,0;5;0;0;0;0;0;43;0;0;0;0,yfinance
3290,5162.3333,2,,2026-08-09,0;2386;0;0;0;0;0;2776.3333;0;0;0;0,yfinance
3292,6790.0,2,,2026-08-09,3400;0;0;0;0;0;3390;0;0;0;0;0,yfinance
3295,8050.0,2,,2026-08-09,0;4050;0;0;0;0;0;4000;0;0;0;0,yfinance
3296,4856.0,2,,2026-08-09,0;0;0;0;0;2423;0;0;0;0;0;2433,yfinance
3309,2329.0,1,,2026-08-09,0;0;0;0;0;0;0;0;0;2329;0;0,yfinance
3451,7801.0,2,,2026-08-09,0;0;0;3926;0;0;0;0;0;3875;0;0,yfinance
3455,6446.0,2,,2026-08-09,3286;0;0;0;0;0;3160;0;0;0;0;0,yfinance
3459,5975.0,2,,2026-08-09,3604;0;0;0;0;0;2371;0;0;0;0;0,yfinance
3462,7176.0,2,,2026-08-09,0;3634;0;0;0;0;0;3542;0;0;0;0,yfinance
3463,7702.0,2,,2026-08-09,4136;0;0;0;0;0;3566;0;0;0;0;0,yfinance
3466,7635.0,2,,2026-08-04,0;3725;0;0;0;0;0;3910;0;0;0;0,yfinance
3468,3419.0,2,,2026-08-09,1769;0;0;0;0;0;1650;0;0;0;0;0,yfinance
3470,6707.0,2,,2026-08-09,0;0;0;0;0;3501;0;0;0;0;0;3206,yfinance
3471,5778.0,2,,2026-08-10,3275;0;0;0;0;0;2503;0;0;0;0;0,yfinance
3472,2478.0,1,,2026-08-10,0;0;0;0;0;0;0;0;0;0;2478;0,yfinance
3476,2638.0,2,,2026-08-10,0;0;0;1349;0;0;0;0;0;1289;0;0,yfinance
3481,5664.0,2,,2026-08-10,0;2835;0;0;0;0;0;2829;0;0;0;0,yfinance
3487,7726.0,2,,2026-08-10,0;0;0;0;0;3843;0;0;0;0;0;3883,yfinance
3488,6464.0,2,,2026-08-10,0;3238;0;0;0;0;0;3226;0;0;0;0,yfinance
348A,5.4,2,,2026-08-10,1.8;0;0;0;0;0;3.6;0;0;0;0;0,yfinance
3492,5580.0,2,,2026-08-10,0;2800;0;0;0;0;0;2780;0;0;0;0,yfinance
349A,9.8,1,,2026-08-10,0;9.8;0;0;0;0;0;0;0;0;0;0,yfinance
354A,106.0,4,,2026-08-10,8;0;0;43;0;0;14;0;0;41;0;0,yfinance
356A,6.0,1,,2026-08-10,0;0;0;6;0;0;0;0;0;0;0;0,yfinance
360A,33.0,3,,2026-08-10,3;0;0;18;0;0;12;0;0;0;0;0,yfinance
363A,15.0,2,,2026-08-10,0;0;0;10;0;0;0;0;0;5;0;0,yfinance
364A,40.0,4,,2026-08-10,0;0;11;0;0;11;0;0;7;0;0;11,yfinance
376A,212.0,4,,2026-08-10,0;49;0;0;46;0;0;43;0;0;74;0,yfinance
379A,13.0,4,,2026-08-10,3;0;0;3;0;0;2;0;0;5;0;0,yfinance
380A,3.0,1,,2026-08-10,0;0;0;0;0;0;3;0;0;0;0;0,yfinance
381A,42.0,3,,2026-08-10,0;19;0;0;20;0;0;0;0;0;3;0,yfinance
382A,74.0,3,,2026-08-10,0;18;0;0;43;0;0;0;0;0;13;0,yfinance
383A,30.0,2,,2026-08-10,0;0;0;0;0;18;0;0;0;0;0;12,yfinance
392A,0.1,1,,2026-08-10,0;0.1;0;0;0;0;0;0;0;0;0;0,yfinance
395A,7.74,1,,2026-08-10,0;0;0;0;0;0;7.74;0;0;0;0;0,yfinance
396A,4.9399999999999995,2,,2026-08-10,2.63;0;0;2.31;0;0;0;0;0;0;0;0,yfinance
399A,55.0,2,,2026-08-10,0;0;0;29;0;0;0;0;0;26;0;0,yfinance
401A,5910.0,2,,2026-08-10,2978;0;0;0;0;0;2932;0;0;0;0;0,yfinance
408A,3.3,1,,2026-08-10,0;3.3;0;0;0;0;0;0;0;0;0;0,yfinance
412A,78.0,1,,2026-08-10,0;0;0;78;0;0;0;0;0;0;0;0,yfinance
413A,175.0,1,,2026-08-10,0;0;0;175;0;0;0;0;0;0;0;0,yfinance
426A,10.0,2,,2026-08-10,3;0;0;0;0;0;7;0;0;0;0;0,yfinance
435A,111.0,3,,2026-08-10,27;0;0;52;0;0;32;0;0;0;0;0,yfinance
443A,48.0,3,,2026-08-10,0;12;0;0;17;0;0;19;0;0;0;0,yfinance
449A,0.7,1,,2026-08-10,0;0;0;0.7;0;0;0;0;0;0;0;0,yfinance
450A,1.0,1,,2026-08-10,0;0;0;1;0;0;0;0;0;0;0;0,yfinance
451A,10.1,4,,2026-08-10,2.9;0;0;2.4;0;0;4.8;0;0;0;0;0,yfinance
452A,88.7,8,,2026-08-10,7.3;8.1;7.9;11.9;9.4;13.7;7.5;0;0;0;0;22.9,yfinance
453A,44.4,8,,2026-08-10,5;6.2;7;5.8;2.5;8.7;4.6;0;0;0;0;4.6,yfinance
459A,230.0,2,,2026-08-10,0;0;120;0;0;110;0;0;0;0;0;0,yfinance
461A,31.0,2,,2026-08-10,0;2;0;0;29;0;0;0;0;0;0;0,yfinance
465A,15.0,2,,2026-08-10,0;0;0;12;0;0;3;0;0;0;0;0,yfinance
466A,1.0,1,,2026-08-10,0;0;0;0;0;1;0;0;0;0;0;0,yfinance
467A,11.9,3,,2026-08-10,0;0;6.6;0;2.2;0;3.1;0;0;0;0;0,yfinance
468A,17.4,3,,2026-08-10,0;0;12.8;0;2.2;0;2.4;0;0;0;0;0,yfinance
473A,7.0,1,,2026-08-10,0;0;0;7;0;0;0;0;0;0;0;0,yfinance
486A,27.0,1,,2026-08-10,0;0;0;0;0;27;0;0;0;0;0;0,yfinance
487A,30.0,1,,2026-08-10,0;0;0;0;0;30;0;0;0;0;0;0,yfinance
489A,14.0,2,,2026-08-10,0;0;0;0;11;0;3;0;0;0;0;0,yfinance
491A,1.6,1,,2026-08-12,0;0;0;0;0;0;0;1.6;0;0;0;0,yfinance
492A,8.0,2,,2026-08-10,0;0;2;0;0;6;0;0;0;0;0;0,yfinance
496A,2.7,1,,2026-08-10,0;0;2.7;0;0;0;0;0;0;0;0;0,yfinance
502A,2.5,1,,2026-08-10,0;0;0;0;0;0;2.5;0;0;0;0;0,yfinance
509A,695.0,1,,2026-08-10,0;0;0;0;695;0;0;0;0;0;0;0,yfinance
515A,1.2,1,,2026-08-11,0;0;0;0;0;0;1.2;0;0;0;0;0,yfinance
516A,2.0,1,,2026-08-14,0;0;0;0;0;0;0;2;0;0;0;0,yfinance
517A,1.0,1,,2026-08-14,0;0;0;0;0;0;0;1;0;0;0;0,yfinance
518A,5.0,1,,2026-08-11,0;0;0;0;5;0;0;0;0;0;0;0,yfinance
539A,40.8,1,,2026-08-11,0;0;0;0;0;0;40.8;0;0;0;0;0,yfinance
541A,12.5,1,,2026-08-11,0;0;0;0;0;0;12.5;0;0;0;0;0,yfinance
552A,1.0,1,,2026-08-11,0;0;0;0;0;0;1;0;0;0;0;0,yfinance
563A,14.0,1,,2026-08-11,0;0;0;0;0;0;14;0;0;0;0;0,yfinance
566A,8.0,1,,2026-08-11,0;0;0;0;0;0;8;0;0;0;0;0,yfinance
587A,131.22813,1,,2026-08-11,0;0;0;0;0;131.22813;0;0;0;0;0;0,yfinance
8951,4914.0,2,,2026-08-11,0;0;0;0;0;2460;0;0;0;0;0;2454,yfinance
8952,5047.0,2,,2026-08-11,0;0;2536;0;0;0;0;0;2511;0;0;0,yfinance
8953,5826.0,2,,2026-08-11,0;3006;0;0;0;0;0;2820;0;0;0;0,yfinance
8954,4684.0,2,,2026-08-11,0;2414;0;0;0;0;0;2270;0;0;0;0,yfinance
8955,4250.0,2,,2026-08-11,0;0;0;0;0;2139;0;0;0;0;0;2111,yfinance
8956,6280.0,2,,2026-08-11,0;0;0;3140;0;0;0;0;0;3140;0;0,yfinance
8957,8010.0,2,,2026-08-11,4000;0;0;0;0;0;4010;0;0;0;0;0,yfinance
8958,7952.0,2,,2026-08-11,0;0;3681;0;0;0;0;0;4271;0;0;0,yfinance
8960,8734.0,2,,2026-08-11,0;0;0;0;4592;0;0;0;0;0;4142;0,yfinance
8961,3691.0,2,,2026-08-11,0;1837;0;0;0;0;0;1854;0;0;0;0,yfinance
8963,4081.0,2,,2026-08-11,0;0;0;0;0;1895;0;0;0;0;0;2186,yfinance
8964,4400.0,2,,2026-08-11,0;0;0;0;0;2200;0;0;0;0;0;2200,yfinance
8966,7940.0,2,,2026-08-11,0;0;0;0;3990;0;0;0;0;0;3950;0,yfinance
8967,4665.0,2,,2026-08-11,2300;0;0;0;0;0;2365;0;0;0;0;0,yfinance
8968,8354.0,2,,2026-08-11,0;4151;0;0;0;0;0;4203;0;0;0;0,yfinance
8972,8271.0,2,,2026-08-11,0;0;0;4166;0;0;0;0;0;4105;0;0,yfinance
8975,5091.0,2,,2026-08-11,0;0;0;2376;0;0;0;0;0;2715;0;0,yfinance
8976,15650.0,2,,2026-08-11,0;0;0;0;7630;0;0;0;0;0;8020;0,yfinance
8977,6689.0,2,,2026-08-11,0;0;0;0;3300;0;0;0;0;0;3389;0,yfinance
8979,10011.0,2,,2026-08-11,0;0;0;5186;0;0;0;0;0;4825;0;0,yfinance
8984,6746.0,2,,2026-08-11,0;3458;0;0;0;0;0;3288;0;0;0;0,yfinance
8985,5061.0,1,,2026-08-11,0;0;0;0;0;0;0;0;0;0;0;5061,yfinance
8986,5330.0,2,,2026-08-11,0;0;2630;0;0;0;0;0;2700;0;0;0,yfinance
8987,6086.0,2,,2026-08-11,0;0;0;0;0;3050;0;0;0;0;0;3036,yfinance
9282,3540.0,1,,2026-08-11,0;0;0;0;0;3540;0;0;0;0;0;0,yfinance
9284,6638.0,2,,2026-08-11,0;0;0;0;0;2982;0;0;0;0;0;3656,yfinance
9285,3455.0,2,,2026-08-11,0;0;0;0;0;1655;0;0;0;0;0;1800,yfinance
9286,4185.0,2,,2026-08-12,0;0;0;0;2185;0;0;0;0;0;2000;0,yfinance
